stationReference,lat,long,easting,northing,maxOnRecord,minOnRecord,typicalRangeHigh,typicalRangeLow,latestReading,parameter,qualifier,unitName
E7050,52.186277,-1.171327,456750.0,254550.0,,,,,0.0,rainfall,Tipping Bucket Raingauge,mm
3680,52.73152,-0.995167,467950.0,315350.0,,,,,0.0,rainfall,Tipping Bucket Raingauge,mm
3275,52.635078,-1.944539,403850.0,304150.0,,,,,0.0,rainfall,Tipping Bucket Raingauge,mm
3167,52.419334,-1.990391,400750.0,280150.0,,,,,0.0,rainfall,Tipping Bucket Raingauge,mm
3901,53.305797,-1.088289,460850.0,379150.0,,,,,0.0,rainfall,Tipping Bucket Raingauge,mm
3307,53.196879,-1.901908,406650.0,366650.0,,,,,0.0,rainfall,Tipping Bucket Raingauge,mm
3404,53.287863,-1.579192,428150.0,376850.0,,,,,0.0,rainfall,Tipping Bucket Raingauge,mm
242534TP,51.807828,-0.03963,535250.0,213950.0,,,,,0.0,rainfall,Tipping Bucket Raingauge,mm
3014,52.886657,-2.182004,387850.0,332150.0,,,,,0.0,rainfall,Tipping Bucket Raingauge,mm
E10510,51.053802,-0.642384,495250.0,129150.0,,,,,0.0,rainfall,Tipping Bucket Raingauge,mm
3999,52.564065,-1.199634,454350.0,296550.0,,,,,0.0,rainfall,Tipping Bucket Raingauge,mm
1412,52.47914,-2.975413,333850.0,287250.0,,,,,0.0,rainfall,Tipping Bucket Raingauge,mm
E13600,50.880106,-1.5585909999999998,431150.0,109050.0,,,,,0.0,rainfall,Tipping Bucket Raingauge,mm
E8770,50.893868,0.081008,546450.0,112550.0,,,,,0.0,rainfall,Tipping Bucket Raingauge,mm
E8520,51.039914,-0.097897,533450.0,128450.0,,,,,0.0,rainfall,Tipping Bucket Raingauge,mm
595273,54.760082,-3.214413,321950.0,541250.0,,,,,0.0,rainfall,Tipping Bucket Raingauge,mm
276316TP,51.718037,-0.217242,523250.0,203650.0,,,,,0.0,rainfall,Tipping Bucket Raingauge,mm
E10130,51.185738,-0.408138,511350.0,144150.0,,,,,0.0,rainfall,Tipping Bucket Raingauge,mm
E24195,52.103622,0.807145,592350.0,248750.0,,,,,0.0,rainfall,Tipping Bucket Raingauge,mm
E24238,52.323011,-0.206231,522350.0,270950.0,,,,,0.0,rainfall,Tipping Bucket Raingauge,mm
038179,54.105159,-0.642597,488850.0,468550.0,,,,,0.0,rainfall,Tipping Bucket Raingauge,mm
000181TP,51.730021,0.040992,541050.0,205450.0,,,,,0.0,rainfall,Tipping Bucket Raingauge,mm
242819TP,51.827809,0.054118,541650.0,216350.0,,,,,0.0,rainfall,Tipping Bucket Raingauge,mm
238605TP,51.722932,0.136235,547650.0,204850.0,,,,,0.0,rainfall,Tipping Bucket Raingauge,mm
43202,50.896473,-2.390258,372650.0,110850.0,,,,,0.0,rainfall,Tipping Bucket Raingauge,mm
52210,51.116625,-2.434971,369650.0,135350.0,,,,,0.0,rainfall,Tipping Bucket Raingauge,mm
48148,50.171774,-5.437334,154650.0,35850.0,,,,,0.0,rainfall,Tipping Bucket Raingauge,mm
47161,50.516447,-4.209541,243450.0,70850.0,,,,,0.0,rainfall,Tipping Bucket Raingauge,mm
037292,54.204227,-0.30358,510750.0,480050.0,,,,,0.0,rainfall,Tipping Bucket Raingauge,mm
E1039,53.102452,0.317508,555250.0,358650.0,,,,,0.0,rainfall,Tipping Bucket Raingauge,mm
086575,53.591095,-1.271011,448350.0,410750.0,,,,,0.0,rainfall,Tipping Bucket Raingauge,mm
244569TP,51.727077,-0.10539,530950.0,204850.0,,,,,0.0,rainfall,Tipping Bucket Raingauge,mm
E4753,51.160348,1.119955,618250.0,144750.0,,,,,0.0,rainfall,Tipping Bucket Raingauge,mm
46104,50.53756,-3.702476,279450.0,72250.0,,,,,0.0,rainfall,Tipping Bucket Raingauge,mm
077066,53.70469,-2.135531,391150.0,423150.0,,,,,0.0,rainfall,Tipping Bucket Raingauge,mm
000900,55.591879,-1.854785,409250.0,633150.0,,,,,0.0,rainfall,Tipping Bucket Raingauge,mm
1113,51.799795,-2.148586,389850.0,211250.0,,,,,0.0,rainfall,Tipping Bucket Raingauge,mm
E1179,52.456899,-1.052938,464450.0,284750.0,,,,,0.0,rainfall,Tipping Bucket Raingauge,mm
241961TP,51.97304,-0.025147,535750.0,232350.0,,,,,0.0,rainfall,Tipping Bucket Raingauge,mm
E24847,51.889291,0.584473,577950.0,224350.0,,,,,0.0,rainfall,Tipping Bucket Raingauge,mm
45232,50.882121,-3.092361,323250.0,109750.0,,,,,0.0,rainfall,Tipping Bucket Raingauge,mm
3173,53.017139,-1.981319,401350.0,346650.0,,,,,0.0,rainfall,Tipping Bucket Raingauge,mm
082732,53.352459,-1.545506,430350.0,384050.0,,,,,0.0,rainfall,Tipping Bucket Raingauge,mm
E4500,51.154584,0.889296,602150.0,143450.0,,,,,0.0,rainfall,Tipping Bucket Raingauge,mm
52100,51.054044,-3.336105,306450.0,129150.0,,,,,0.0,rainfall,Tipping Bucket Raingauge,mm
E46612,53.346199,0.015208,534250.0,385150.0,,,,,0.0,rainfall,Tipping Bucket Raingauge,mm
040752,53.983799,-0.2271429999999999,516350.0,455650.0,,,,,0.0,rainfall,Tipping Bucket Raingauge,mm
267661TP,51.388049,-1.53073,432750.0,165550.0,,,,,0.0,rainfall,Tipping Bucket Raingauge,mm
074108,53.911448,-2.098144,393650.0,446150.0,,,,,0.2,rainfall,Tipping Bucket Raingauge,mm
43228,50.968057,-2.158729,388950.0,118750.0,,,,,0.0,rainfall,Tipping Bucket Raingauge,mm
48199,50.356962,-4.730773,205850.0,54350.0,,,,,0.0,rainfall,Tipping Bucket Raingauge,mm
E23717,52.132732,-0.418436,508350.0,249450.0,,,,,0.0,rainfall,Tipping Bucket Raingauge,mm
E7055,52.327013,-1.00142,468150.0,270350.0,,,,,0.0,rainfall,Tipping Bucket Raingauge,mm
921083,55.502931,-2.138485,391350.0,623250.0,,,,,0.0,rainfall,Tipping Bucket Raingauge,mm
E7045,52.185547,-0.867095,477550.0,254750.0,,,,,0.0,rainfall,Tipping Bucket Raingauge,mm
47101,50.804076,-4.356504,234050.0,103150.0,,,,,0.0,rainfall,Tipping Bucket Raingauge,mm
44200,50.837132,-2.59994,357850.0,104350.0,,,,,0.0,rainfall,Tipping Bucket Raingauge,mm
300874,51.373888,1.173263,620950.0,168650.0,,,,,0.0,rainfall,Tipping Bucket Raingauge,mm
058461,53.979278,-1.646973,423250.0,453750.0,,,,,0.2,rainfall,Tipping Bucket Raingauge,mm
3602,52.813347,-0.803365,480750.0,324650.0,,,,,0.0,rainfall,Tipping Bucket Raingauge,mm
E4530,51.156945,1.009589,610550.0,144050.0,,,,,0.0,rainfall,Tipping Bucket Raingauge,mm
49171,50.419841,-4.409173,228950.0,60550.0,,,,,0.0,rainfall,Tipping Bucket Raingauge,mm
1339,52.718219,-2.570654,361550.0,313550.0,,,,,0.0,rainfall,Tipping Bucket Raingauge,mm
E45871,53.676809,-0.5246919999999999,497550.0,421050.0,,,,,0.0,rainfall,Tipping Bucket Raingauge,mm
E9340,50.986805,-0.268198,521650.0,122250.0,,,,,0.0,rainfall,Tipping Bucket Raingauge,mm
43102,51.067961,-2.063451,395650.0,129850.0,,,,,0.0,rainfall,Tipping Bucket Raingauge,mm
3015,52.808314,-1.74405,417350.0,323450.0,,,,,0.0,rainfall,Tipping Bucket Raingauge,mm
47167,50.377366,-3.992093,258450.0,54950.0,,,,,0.0,rainfall,Tipping Bucket Raingauge,mm
277407TP,51.686586,-0.341445,514750.0,199950.0,,,,,0.0,rainfall,Tipping Bucket Raingauge,mm
E1815,53.041102,-0.374951,509050.0,350550.0,,,,,0.0,rainfall,Tipping Bucket Raingauge,mm
E44111,51.874052,0.368575,563150.0,222150.0,,,,,0.0,rainfall,Tipping Bucket Raingauge,mm
E44121,51.931385,0.712001,586550.0,229350.0,,,,,0.0,rainfall,Tipping Bucket Raingauge,mm
E12560,51.006173,-1.114132,462250.0,123350.0,,,,,0.0,rainfall,Tipping Bucket Raingauge,mm
47105,50.686858,-4.234529,242250.0,89850.0,,,,,0.0,rainfall,Tipping Bucket Raingauge,mm
082672,53.324572,-1.539797,430750.0,380950.0,,,,,0.0,rainfall,Tipping Bucket Raingauge,mm
E24289,52.172202,0.2512939999999999,554050.0,255050.0,,,,,0.0,rainfall,Tipping Bucket Raingauge,mm
E24935,51.702642,0.87633,598850.0,204350.0,,,,,0.0,rainfall,Tipping Bucket Raingauge,mm
49149,50.679797,-4.695684,209650.0,90150.0,,,,,0.0,rainfall,Tipping Bucket Raingauge,mm
E45881,53.219937,-0.507486,499750.0,370250.0,,,,,0.0,rainfall,Tipping Bucket Raingauge,mm
E871,51.274484,0.217164,554750.0,155150.0,,,,,0.0,rainfall,Tipping Bucket Raingauge,mm
51127,51.163886,-3.611019,287450.0,141750.0,,,,,0.0,rainfall,Tipping Bucket Raingauge,mm
1201,52.343809,-1.955178,403150.0,271750.0,,,,,0.0,rainfall,Tipping Bucket Raingauge,mm
1814,52.481443,-1.558947,430050.0,287150.0,,,,,0.0,rainfall,Tipping Bucket Raingauge,mm
E7155,52.645246,-0.4207039999999999,506950.0,306450.0,,,,,0.0,rainfall,Tipping Bucket Raingauge,mm
063518,53.876425,-1.532241,430850.0,442350.0,,,,,0.0,rainfall,Tipping Bucket Raingauge,mm
52224,51.173877,-2.508462,364550.0,141750.0,,,,,0.0,rainfall,Tipping Bucket Raingauge,mm
E1971,52.452473,-0.605675,494850.0,284750.0,,,,,0.0,rainfall,Tipping Bucket Raingauge,mm
264845TP,51.532367,-1.135676,460050.0,181850.0,,,,,0.0,rainfall,Tipping Bucket Raingauge,mm
274918TP,51.440044,-0.7662129999999999,485850.0,171950.0,,,,,0.0,rainfall,Tipping Bucket Raingauge,mm
48100,50.127328,-5.568494,145050.0,31350.0,,,,,0.0,rainfall,Tipping Bucket Raingauge,mm
48106,50.390633,-4.752406,204450.0,58150.0,,,,,0.0,rainfall,Tipping Bucket Raingauge,mm
282781TP,51.256125,-0.566214,500150.0,151750.0,,,,,0.0,rainfall,Tipping Bucket Raingauge,mm
48192,50.238386,-5.248557,168450.0,42650.0,,,,,0.0,rainfall,Tipping Bucket Raingauge,mm
531178,51.596598,-2.146477,389950.0,188650.0,,,,,0.0,rainfall,Tipping Bucket Raingauge,mm
1331,52.596394,-2.471631,368150.0,299950.0,,,,,0.0,rainfall,Tipping Bucket Raingauge,mm
52228,51.440951,-2.8222,342950.0,171650.0,,,,,0.0,rainfall,Tipping Bucket Raingauge,mm
551706,53.055708,-2.6691000000000003,355250.0,351150.0,,,,,0.0,rainfall,Tipping Bucket Raingauge,mm
051250,54.379686,-2.105419,393250.0,498250.0,,,,,0.6,rainfall,Tipping Bucket Raingauge,mm
45230,50.752768,-3.256625,311450.0,95550.0,,,,,0.0,rainfall,Tipping Bucket Raingauge,mm
3165,52.399545,-2.050654,396650.0,277950.0,,,,,0.0,rainfall,Tipping Bucket Raingauge,mm
3687,52.723063,-0.765859,483450.0,314650.0,,,,,0.0,rainfall,Tipping Bucket Raingauge,mm
260221TP,51.63431,-1.505077,434350.0,192950.0,,,,,0.0,rainfall,Tipping Bucket Raingauge,mm
52102,51.064754,-2.737025,348450.0,129750.0,,,,,0.0,rainfall,Tipping Bucket Raingauge,mm
E15720,51.291987,0.1950579999999999,553150.0,157050.0,,,,,0.0,rainfall,Water,mm
598928,54.524262,-2.505948,367350.0,514450.0,,,,,0.0,rainfall,Tipping Bucket Raingauge,mm
074329,53.986087,-1.999194,400150.0,454450.0,,,,,0.4,rainfall,Tipping Bucket Raingauge,mm
3588,52.958861,-1.577925,428450.0,340250.0,,,,,0.0,rainfall,Tipping Bucket Raingauge,mm
3572,53.311933,-1.898644,406850.0,379450.0,,,,,0.0,rainfall,Tipping Bucket Raingauge,mm
E3240,51.389586,0.842268,597850.0,169450.0,,,,,0.0,rainfall,Tipping Bucket Raingauge,mm
E15510,51.307175,0.102521,546650.0,158550.0,,,,,0.0,rainfall,Tipping Bucket Raingauge,mm
E7295,50.814838,0.358583,566250.0,104350.0,,,,,0.0,rainfall,Tipping Bucket Raingauge,mm
43200,51.044768,-2.4129,371150.0,127350.0,,,,,0.0,rainfall,Tipping Bucket Raingauge,mm
E7095,53.326702,-0.11185,525850.0,382750.0,,,,,0.0,rainfall,Tipping Bucket Raingauge,mm
1712,52.639137,-2.325793,378050.0,304650.0,,,,,0.0,rainfall,Tipping Bucket Raingauge,mm
E24874,51.906849,1.087118,612450.0,227650.0,,,,,0.0,rainfall,Tipping Bucket Raingauge,mm
287283TP,51.449283,-0.224851,523450.0,173750.0,,,,,0.0,rainfall,Tipping Bucket Raingauge,mm
247281TP,51.67255,-0.366544,513050.0,198350.0,,,,,0.0,rainfall,Tipping Bucket Raingauge,mm
3782,52.736673,-1.993285,400550.0,315450.0,,,,,0.0,rainfall,Tipping Bucket Raingauge,mm
008850,55.255608,-2.540374,365750.0,595850.0,,,,,0.4,rainfall,Tipping Bucket Raingauge,mm
251530TP,51.689762,-1.679516,422250.0,199050.0,,,,,0.0,rainfall,Tipping Bucket Raingauge,mm
E14930,50.623497,-1.307947,449050.0,80650.0,,,,,0.0,rainfall,Tipping Bucket Raingauge,mm
E10450,50.933357,-0.6473169999999999,495150.0,115750.0,,,,,0.0,rainfall,Tipping Bucket Raingauge,mm
035302,54.517093,-0.7525609999999999,480850.0,514250.0,,,,,0.0,rainfall,Tipping Bucket Raingauge,mm
591642,54.525099,-3.417569,308350.0,515350.0,,,,,0.0,rainfall,Tipping Bucket Raingauge,mm
E11120,50.78281,-0.694221,492150.0,98950.0,,,,,0.0,rainfall,Tipping Bucket Raingauge,mm
49102,50.382424,-4.5606100000000005,218050.0,56750.0,,,,,0.0,rainfall,Tipping Bucket Raingauge,mm
E24894,51.890899,1.212487,621150.0,226250.0,,,,,0.0,rainfall,Tipping Bucket Raingauge,mm
E1613,53.397417,-0.269659,515150.0,390350.0,,,,,0.0,rainfall,Tipping Bucket Raingauge,mm
554472,53.169907,-2.103919,393150.0,363650.0,,,,,0.0,rainfall,Tipping Bucket Raingauge,mm
268851TP,51.462587,-1.327004,446850.0,173950.0,,,,,0.0,rainfall,Tipping Bucket Raingauge,mm
006403,55.237908,-1.918977,405250.0,593750.0,,,,,0.0,rainfall,Tipping Bucket Raingauge,mm
1773,52.222319,-2.17488,388150.0,258250.0,,,,,0.0,rainfall,Tipping Bucket Raingauge,mm
013045,54.742208,-2.378185,375750.0,538650.0,,,,,0.6,rainfall,Tipping Bucket Raingauge,mm
1748,52.481743,-2.579368,360750.0,287250.0,,,,,0.0,rainfall,Tipping Bucket Raingauge,mm
47113,50.418385,-3.960029,260850.0,59450.0,,,,,0.0,rainfall,Tipping Bucket Raingauge,mm
1387,52.424304,-3.172736,320350.0,281350.0,,,,,0.0,rainfall,Tipping Bucket Raingauge,mm
45108,50.884946,-3.487642,295450.0,110550.0,,,,,0.0,rainfall,Tipping Bucket Raingauge,mm
077952,53.772138,-1.90361,406450.0,430650.0,,,,,0.2,rainfall,Tipping Bucket Raingauge,mm
E11060,50.853543,-0.666675,493950.0,106850.0,,,,,0.0,rainfall,Tipping Bucket Raingauge,mm
3998,53.396184,-0.931457,471150.0,389350.0,,,,,0.0,rainfall,Tipping Bucket Raingauge,mm
E24763,51.949875,-0.766824,484850.0,228650.0,,,,,0.0,rainfall,Tipping Bucket Raingauge,mm
026297,54.701508,-1.198486,451750.0,534350.0,,,,,0.0,rainfall,Tipping Bucket Raingauge,mm
583948,54.064769,-2.863989,343550.0,463550.0,,,,,0.0,rainfall,Tipping Bucket Raingauge,mm
591878,54.529816,-3.545999,300050.0,516050.0,,,,,0.0,rainfall,Tipping Bucket Raingauge,mm
47168,50.660116,-4.359193,233350.0,87150.0,,,,,0.0,rainfall,Tipping Bucket Raingauge,mm
1812,51.89986,-2.41343,371650.0,222450.0,,,,,0.0,rainfall,Tipping Bucket Raingauge,mm
47158,50.771514,-4.228634,242950.0,99250.0,,,,,0.0,rainfall,Tipping Bucket Raingauge,mm
552376,52.965913,-2.459268,369250.0,341050.0,,,,,0.0,rainfall,Tipping Bucket Raingauge,mm
43104,51.220377,-1.669896,423150.0,146850.0,,,,,0.0,rainfall,Tipping Bucket Raingauge,mm
077800,53.636457,-2.005248,399750.0,415550.0,,,,,0.0,rainfall,Tipping Bucket Raingauge,mm
248332TP,51.672207,-1.952948,403350.0,197050.0,,,,,0.0,rainfall,Tipping Bucket Raingauge,mm
013336,54.774946,-2.516845,366850.0,542350.0,,,,,0.0,rainfall,Tipping Bucket Raingauge,mm
3816,53.130665,-1.23847,451050.0,359550.0,,,,,0.0,rainfall,Tipping Bucket Raingauge,mm
E6270,51.032353,0.577858,580850.0,129050.0,,,,,0.0,rainfall,Tipping Bucket Raingauge,mm
031555,54.469846,-1.099639,458450.0,508650.0,,,,,0.0,rainfall,Tipping Bucket Raingauge,mm
3610,52.655516,-1.302927,447250.0,306650.0,,,,,0.0,rainfall,Tipping Bucket Raingauge,mm
E1320,51.202399,0.077705,545250.0,146850.0,,,,,0.0,rainfall,Tipping Bucket Raingauge,mm
51125,51.193548,-3.612054,287450.0,145050.0,,,,,0.0,rainfall,Tipping Bucket Raingauge,mm
3686,52.544833,-1.031877,465750.0,294550.0,,,,,0.0,rainfall,Tipping Bucket Raingauge,mm
E7780,50.80213,0.081187,546750.0,102350.0,,,,,0.0,rainfall,Tipping Bucket Raingauge,mm
53159,51.366659,-2.621201,356850.0,163250.0,,,,,0.0,rainfall,Tipping Bucket Raingauge,mm
46100,50.390977,-3.70144,279150.0,55950.0,,,,,0.0,rainfall,Tipping Bucket Raingauge,mm
E2493,52.814,0.01276,535750.0,325950.0,,,,,0.0,rainfall,Tipping Bucket Raingauge,mm
239374TP,51.575345,0.0412709999999999,541550.0,188250.0,,,,,0.0,rainfall,Tipping Bucket Raingauge,mm
45164,50.614674,-3.380154,302450.0,80350.0,,,,,0.0,rainfall,Tipping Bucket Raingauge,mm
600683,54.592579,-2.950962,338650.0,522350.0,,,,,0.0,rainfall,Tipping Bucket Raingauge,mm
057426,54.18467,-1.901124,406550.0,476550.0,,,,,0.2,rainfall,Tipping Bucket Raingauge,mm
E11480,51.253545,-1.255547,452050.0,150750.0,,,,,0.0,rainfall,Tipping Bucket Raingauge,mm
3099,52.807639,-1.889433,407550.0,323350.0,,,,,0.0,rainfall,Tipping Bucket Raingauge,mm
074924,53.829697,-1.976406,401650.0,437050.0,,,,,0.2,rainfall,Tipping Bucket Raingauge,mm
077836,53.657107,-1.925056,405050.0,417850.0,,,,,0.0,rainfall,Tipping Bucket Raingauge,mm
E11470,50.852298,-0.990615,471150.0,106350.0,,,,,0.0,rainfall,Tipping Bucket Raingauge,mm
078530,53.592394,-1.929702,404750.0,410650.0,,,,,0.0,rainfall,Tipping Bucket Raingauge,mm
E21018,51.587908,0.506691,573750.0,190650.0,,,,,0.0,rainfall,Tipping Bucket Raingauge,mm
000008,53.480556,-1.441674,437150.0,398350.0,,,,,0.0,rainfall,Tipping Bucket Raingauge,mm
48180,50.382625,-4.896844,194150.0,57650.0,,,,,0.0,rainfall,Tipping Bucket Raingauge,mm
570099,53.511139,-2.721493,352250.0,401850.0,,,,,0.0,rainfall,Tipping Bucket Raingauge,mm
E5640,51.05909,0.821971,597850.0,132650.0,,,,,0.0,rainfall,Tipping Bucket Raingauge,mm
3580,53.047163,-1.641206,424150.0,350050.0,,,,,0.0,rainfall,Tipping Bucket Raingauge,mm
E24863,51.857943,0.698866,585950.0,221150.0,,,,,0.0,rainfall,Tipping Bucket Raingauge,mm
E27594,52.735167,-0.4219,506650.0,316450.0,,,,,0.0,rainfall,Tipping Bucket Raingauge,mm
254829TP,51.938474,-1.5730149999999998,429450.0,226750.0,,,,,0.0,rainfall,Tipping Bucket Raingauge,mm
50112,51.219415,-3.751859,277750.0,148150.0,,,,,0.0,rainfall,Tipping Bucket Raingauge,mm
564595,53.240041,-2.077118,394950.0,371450.0,,,,,0.0,rainfall,Tipping Bucket Raingauge,mm
049902,54.130296,-1.656404,422550.0,470550.0,,,,,0.0,rainfall,Tipping Bucket Raingauge,mm
E1290,51.236919,-0.046806,536450.0,150450.0,,,,,0.0,rainfall,Tipping Bucket Raingauge,mm
E4510,51.105558,0.979102,608650.0,138250.0,,,,,0.0,rainfall,Tipping Bucket Raingauge,mm
3570,53.029694,-1.914215,405850.0,348050.0,,,,,0.0,rainfall,Tipping Bucket Raingauge,mm
005782,55.154354,-1.944254,403650.0,584450.0,,,,,0.0,rainfall,Tipping Bucket Raingauge,mm
1792,52.307409,-2.728158,350450.0,267950.0,,,,,0.0,rainfall,Tipping Bucket Raingauge,mm
E41311,51.520749,0.6168859999999999,581650.0,183450.0,,,,,0.0,rainfall,Tipping Bucket Raingauge,mm
920359,55.553328,-1.997587,400250.0,628850.0,,,,,0.0,rainfall,Tipping Bucket Raingauge,mm
E14893,50.754772,-1.304596,449150.0,95250.0,,,,,0.0,rainfall,Tipping Bucket Raingauge,mm
E27601,51.530977,0.5194219999999999,574850.0,184350.0,,,,,0.0,rainfall,Tipping Bucket Raingauge,mm
E4520,51.225958,0.726173,590450.0,150950.0,,,,,0.0,rainfall,Tipping Bucket Raingauge,mm
49151,50.480775,-4.463019,225350.0,67450.0,,,,,0.0,rainfall,Tipping Bucket Raingauge,mm
E2331,52.473204,-0.862668,477350.0,286750.0,,,,,0.0,rainfall,Tipping Bucket Raingauge,mm
083534,53.250698,-1.498624,433550.0,372750.0,,,,,0.0,rainfall,Tipping Bucket Raingauge,mm
1119,52.031946,-2.435056,370250.0,237150.0,,,,,0.0,rainfall,Tipping Bucket Raingauge,mm
3996,52.897989,-0.911045,473350.0,333950.0,,,,,0.0,rainfall,Tipping Bucket Raingauge,mm
030377,54.526112,-1.506309,432050.0,514650.0,,,,,0.0,rainfall,Tipping Bucket Raingauge,mm
47157,50.431628,-4.270363,238850.0,61550.0,,,,,0.0,rainfall,Tipping Bucket Raingauge,mm
3179,52.69041,-0.920654,473050.0,310850.0,,,,,0.0,rainfall,Tipping Bucket Raingauge,mm
559586,53.534889,-2.012778,399250.0,404250.0,,,,,0.0,rainfall,Tipping Bucket Raingauge,mm
238777TP,51.736595,0.2237819999999999,553650.0,206550.0,,,,,0.0,rainfall,Tipping Bucket Raingauge,mm
037973,54.297778,-1.167931,454250.0,489450.0,,,,,0.0,rainfall,Tipping Bucket Raingauge,mm
E25041,52.786909,-0.264322,517150.0,322450.0,,,,,0.0,rainfall,Tipping Bucket Raingauge,mm
248965TP,51.792696,-2.00792,399550.0,210450.0,,,,,0.0,rainfall,Tipping Bucket Raingauge,mm
E9360,50.929113,-0.3841839999999999,513650.0,115650.0,,,,,0.0,rainfall,Tipping Bucket Raingauge,mm
3860,53.407215,-1.191422,453850.0,390350.0,,,,,0.0,rainfall,Tipping Bucket Raingauge,mm
E9350,50.999283,-0.1437409999999999,530350.0,123850.0,,,,,0.0,rainfall,Tipping Bucket Raingauge,mm
E7135,53.572235,-0.2368539999999999,516850.0,409850.0,,,,,0.0,rainfall,Tipping Bucket Raingauge,mm
E11820,50.828711,-1.195588,456750.0,103550.0,,,,,0.0,rainfall,Tipping Bucket Raingauge,mm
E2420,51.130083,0.7491089999999999,592450.0,140350.0,,,,,0.0,rainfall,Tipping Bucket Raingauge,mm
062046,54.071438,-1.913617,405750.0,463950.0,,,,,0.0,rainfall,Tipping Bucket Raingauge,mm
44215,50.743404,-2.638425,355050.0,93950.0,,,,,0.0,rainfall,Tipping Bucket Raingauge,mm
E24947,52.165978,0.556609,574950.0,255050.0,,,,,0.0,rainfall,Tipping Bucket Raingauge,mm
E24925,51.644031,0.4895489999999999,572350.0,196850.0,,,,,0.0,rainfall,Tipping Bucket Raingauge,mm
E9290,51.04624,-0.400084,512250.0,128650.0,,,,,0.0,rainfall,Tipping Bucket Raingauge,mm
3057,52.730505,-1.571247,429050.0,314850.0,,,,,0.0,rainfall,Tipping Bucket Raingauge,mm
E23633,51.996269,-0.2426269999999999,520750.0,234550.0,,,,,0.0,rainfall,Tipping Bucket Raingauge,mm
1082,52.186855,-1.418519,439850.0,254450.0,,,,,0.0,rainfall,Tipping Bucket Raingauge,mm
1413,52.325619,-2.226643,384650.0,269750.0,,,,,0.0,rainfall,Tipping Bucket Raingauge,mm
531172,51.277706,-2.608531,357650.0,153350.0,,,,,0.0,rainfall,Tipping Bucket Raingauge,mm
E2416,52.808243,-0.129942,526150.0,325050.0,,,,,0.0,rainfall,Tipping Bucket Raingauge,mm
E24957,52.101218,0.906298,599150.0,248750.0,,,,,0.0,rainfall,Tipping Bucket Raingauge,mm
E24790,52.409069,1.30592,624950.0,284150.0,,,,,0.0,rainfall,Tipping Bucket Raingauge,mm
E7165,52.766451,-0.6238279999999999,492950.0,319650.0,,,,,0.0,rainfall,Tipping Bucket Raingauge,mm
53115,51.210084,-2.450167,368650.0,145750.0,,,,,0.0,rainfall,Tipping Bucket Raingauge,mm
259110TP,51.886777,-1.156503,458150.0,221250.0,,,,,0.0,rainfall,Tipping Bucket Raingauge,mm
48182,50.249425,-5.040268,183350.0,43250.0,,,,,0.0,rainfall,Tipping Bucket Raingauge,mm
E15500,51.435174,0.135731,548550.0,172850.0,,,,,0.0,rainfall,Tipping Bucket Raingauge,mm
570231,53.596101,-2.789423,347850.0,411350.0,,,,,0.0,rainfall,Tipping Bucket Raingauge,mm
1760,52.140634,-1.974376,401850.0,249150.0,,,,,0.0,rainfall,Tipping Bucket Raingauge,mm
1121,52.718322,-2.717219,351650.0,313650.0,,,,,0.0,rainfall,Tipping Bucket Raingauge,mm
E7420,50.788104,0.060701,545350.0,100750.0,,,,,0.0,rainfall,Tipping Bucket Raingauge,mm
261021TP,51.653876,-1.288038,449350.0,195250.0,,,,,0.0,rainfall,Tipping Bucket Raingauge,mm
003232,55.312483,-1.909373,405850.0,602050.0,,,,,0.0,rainfall,Tipping Bucket Raingauge,mm
1770,52.288216,-1.222206,453150.0,265850.0,,,,,0.0,rainfall,Tipping Bucket Raingauge,mm
602253,54.779014,-2.608625,360950.0,542850.0,,,,,0.0,rainfall,Tipping Bucket Raingauge,mm
E2510,52.535424,-0.981957,469150.0,293550.0,,,,,0.0,rainfall,Tipping Bucket Raingauge,mm
288504TP,51.349274,0.009666,540050.0,163050.0,,,,,0.0,rainfall,Tipping Bucket Raingauge,mm
3774,53.579885,-0.8694339999999999,474950.0,409850.0,,,,,0.0,rainfall,Tipping Bucket Raingauge,mm
269627TP,51.345161,-1.239706,453050.0,160950.0,,,,,0.0,rainfall,Tipping Bucket Raingauge,mm
596791,54.843273,-3.064299,331750.0,550350.0,,,,,0.0,rainfall,Tipping Bucket Raingauge,mm
490001TP,51.903913,0.021245,539150.0,224750.0,,,,,0.0,rainfall,Tipping Bucket Raingauge,mm
564160,53.381621,-2.570469,362150.0,387350.0,,,,,0.0,rainfall,Tipping Bucket Raingauge,mm
569848,53.58714,-2.633659,358150.0,410250.0,,,,,0.0,rainfall,Tipping Bucket Raingauge,mm
E5451,51.007531,0.978517,609050.0,127350.0,,,,,0.2,rainfall,Tipping Bucket Raingauge,mm
E13980,51.218761,-1.473747,436850.0,146750.0,,,,,0.0,rainfall,Tipping Bucket Raingauge,mm
2321SO,50.83729,-0.377415,514350.0,105450.0,,,,,0.0,rainfall,Tipping Bucket Raingauge,mm
3185,52.407451,-1.784594,414750.0,278850.0,,,,,0.0,rainfall,Tipping Bucket Raingauge,mm
023839,54.829815,-1.807716,412450.0,548350.0,,,,,0.0,rainfall,Tipping Bucket Raingauge,mm
239258TP,51.664377,0.040933,541250.0,198150.0,,,,,0.0,rainfall,Tipping Bucket Raingauge,mm
E12821,51.085476,-1.13689,460550.0,132150.0,,,,,0.0,rainfall,Tipping Bucket Raingauge,mm
593893,54.703741,-3.274806,317950.0,535050.0,,,,,0.2,rainfall,Tipping Bucket Raingauge,mm
53100,51.633453,-2.15382,389450.0,192750.0,,,,,0.0,rainfall,Tipping Bucket Raingauge,mm
E14900,50.677559,-1.5052949999999998,435050.0,86550.0,,,,,0.0,rainfall,Tipping Bucket Raingauge,mm
E24703,52.023252,-1.13062,459750.0,236450.0,,,,,0.0,rainfall,Tipping Bucket Raingauge,mm
43206,50.755798,-1.814938,413150.0,95150.0,,,,,0.0,rainfall,Tipping Bucket Raingauge,mm
015347,54.804602,-2.221644,385850.0,545550.0,,,,,0.2,rainfall,Tipping Bucket Raingauge,mm
571479,54.217501,-2.3335,378350.0,480250.0,,,,,0.1,rainfall,Tipping Bucket Raingauge,mm
E22283,52.402761,0.2791869999999999,555150.0,280750.0,,,,,0.0,rainfall,Tipping Bucket Raingauge,mm
52203,51.408672,-2.666341,353750.0,167950.0,,,,,0.0,rainfall,Tipping Bucket Raingauge,mm
026644,54.656189,-2.285935,381650.0,529050.0,,,,,0.0,rainfall,Tipping Bucket Raingauge,mm
E25033,53.449299,0.0321339999999999,535050.0,396650.0,,,,,0.0,rainfall,Tipping Bucket Raingauge,mm
3778,52.687955,-1.796533,413850.0,310050.0,,,,,0.0,rainfall,Tipping Bucket Raingauge,mm
E37241,51.94816,0.481622,570650.0,230650.0,,,,,0.4,rainfall,Tipping Bucket Raingauge,mm
E24884,51.683977,0.715993,587850.0,201850.0,,,,,0.0,rainfall,Tipping Bucket Raingauge,mm
1793,52.518531,-2.881966,340250.0,291550.0,,,,,0.0,rainfall,Tipping Bucket Raingauge,mm
53110,51.341928,-2.266258,381550.0,160350.0,,,,,0.0,rainfall,Tipping Bucket Raingauge,mm
036225,54.344552,-0.7547149999999999,481050.0,495050.0,,,,,0.0,rainfall,Tipping Bucket Raingauge,mm
52148,50.853381,-2.745053,347650.0,106250.0,,,,,0.0,rainfall,Tipping Bucket Raingauge,mm
531101,51.633863,-2.371995,374350.0,192850.0,,,,,0.0,rainfall,Tipping Bucket Raingauge,mm
1602,52.05292,-2.737138,349550.0,239650.0,,,,,0.0,rainfall,Tipping Bucket Raingauge,mm
008062,55.132825,-1.538065,429550.0,582150.0,,,,,0.0,rainfall,Tipping Bucket Raingauge,mm
47159,50.644847,-4.529589,221250.0,85850.0,,,,,0.0,rainfall,Tipping Bucket Raingauge,mm
47155,50.416367,-4.126049,249050.0,59550.0,,,,,0.4,rainfall,Tipping Bucket Raingauge,mm
E24913,51.815014,0.765948,590750.0,216550.0,,,,,0.0,rainfall,Tipping Bucket Raingauge,mm
E37051,51.732496,0.516133,573850.0,206750.0,,,,,0.0,rainfall,Tipping Bucket Raingauge,mm
E11080,50.828064,-0.805132,484250.0,103850.0,,,,,0.0,rainfall,Tipping Bucket Raingauge,mm
249744TP,51.568666,-1.811661,413150.0,185550.0,,,,,0.0,rainfall,Tipping Bucket Raingauge,mm
592860,54.56648,-3.063261,331350.0,519550.0,,,,,0.2,rainfall,Tipping Bucket Raingauge,mm
586056,54.264682,-2.808288,347450.0,485750.0,,,,,0.2,rainfall,Tipping Bucket Raingauge,mm
53114,51.230621,-2.486172,366150.0,148050.0,,,,,0.0,rainfall,Tipping Bucket Raingauge,mm
3688,52.6315,-1.077247,462550.0,304150.0,,,,,0.0,rainfall,Tipping Bucket Raingauge,mm
033108NE,54.543358,-1.201588,451750.0,516750.0,,,,,0.0,rainfall,Tipping Bucket Raingauge,mm
53109,51.360132,-2.138539,390450.0,162350.0,,,,,0.0,rainfall,Tipping Bucket Raingauge,mm
53104,51.538159,-2.480793,366750.0,182250.0,,,,,0.0,rainfall,Tipping Bucket Raingauge,mm
E24506,52.898685,0.4791,566850.0,336350.0,,,,,0.0,rainfall,Tipping Bucket Raingauge,mm
E13261,50.788809,-1.033124,468250.0,99250.0,,,,,0.0,rainfall,Tipping Bucket Raingauge,mm
266474TP,51.412945,-1.726028,419150.0,168250.0,,,,,0.0,rainfall,Tipping Bucket Raingauge,mm
50199,50.873373,-3.798545,273550.0,109750.0,,,,,0.0,rainfall,Tipping Bucket Raingauge,mm
E37151,51.904776,0.848521,596050.0,226750.0,,,,,0.0,rainfall,Tipping Bucket Raingauge,mm
036487,54.408361,-0.754323,480950.0,502150.0,,,,,0.0,rainfall,Tipping Bucket Raingauge,mm
46106,50.548234,-3.940001,262650.0,73850.0,,,,,0.0,rainfall,Tipping Bucket Raingauge,mm
E21234,52.633846,1.5564209999999998,640750.0,309950.0,,,,,0.0,rainfall,Tipping Bucket Raingauge,mm
44101,50.800366,-2.738533,348050.0,100350.0,,,,,0.0,rainfall,Tipping Bucket Raingauge,mm
48170,50.131262,-5.251088,167750.0,30750.0,,,,,0.0,rainfall,Tipping Bucket Raingauge,mm
3576,53.093957,-1.658736,422950.0,355250.0,,,,,0.0,rainfall,Tipping Bucket Raingauge,mm
028185,54.560368,-1.983723,401150.0,518350.0,,,,,0.0,rainfall,Tipping Bucket Raingauge,mm
581159,54.31472,-2.538727,365050.0,491150.0,,,,,0.0,rainfall,Tipping Bucket Raingauge,mm
246424TP,51.501145,-0.2055469999999999,524650.0,179550.0,,,,,0.0,rainfall,Tipping Bucket Raingauge,mm
003066,55.350136,-2.171067,389250.0,606250.0,,,,,0.2,rainfall,Tipping Bucket Raingauge,mm
1687,52.016552,-2.653481,355250.0,235550.0,,,,,0.0,rainfall,Tipping Bucket Raingauge,mm
E22205,52.121748,-0.215784,522250.0,248550.0,,,,,0.0,rainfall,Tipping Bucket Raingauge,mm
43204,50.864669,-2.139905,390250.0,107250.0,,,,,0.0,rainfall,Tipping Bucket Raingauge,mm
3766,53.005795,-1.251101,450350.0,345650.0,,,,,0.0,rainfall,Tipping Bucket Raingauge,mm
E5670,50.943595,0.945951,607050.0,120150.0,,,,,0.0,rainfall,Tipping Bucket Raingauge,mm
000075TP,51.084022,-0.2145969999999999,525150.0,133150.0,,,,,0.0,rainfall,Tipping Bucket Raingauge,mm
281186TP,51.119894,-0.851916,480450.0,136250.0,,,,,0.0,rainfall,Tipping Bucket Raingauge,mm
598691,54.569482,-2.432265,372150.0,519450.0,,,,,0.0,rainfall,Tipping Bucket Raingauge,mm
E5660,51.083056,0.8719819999999999,601250.0,135450.0,,,,,0.0,rainfall,Tipping Bucket Raingauge,mm
52201,51.270102,-2.682969,352450.0,152550.0,,,,,0.0,rainfall,Tipping Bucket Raingauge,mm
1335,52.863499,-3.123644,324450.0,330150.0,,,,,0.0,rainfall,Tipping Bucket Raingauge,mm
E37291,52.013331,0.746104,588550.0,238550.0,,,,,0.0,rainfall,Tipping Bucket Raingauge,mm
251556TP,51.826782,-1.862825,409550.0,214250.0,,,,,0.0,rainfall,Tipping Bucket Raingauge,mm
578009,53.927308,-2.719516,352850.0,448150.0,,,,,0.0,rainfall,Tipping Bucket Raingauge,mm
041238,53.867134,-0.3674389999999999,507450.0,442450.0,,,,,0.0,rainfall,Tipping Bucket Raingauge,mm
50187,50.909721,-4.380331,232750.0,114950.0,,,,,0.0,rainfall,Tipping Bucket Raingauge,mm
060947,54.218703,-2.195488,387350.0,480350.0,,,,,0.6,rainfall,Tipping Bucket Raingauge,mm
E46161,51.511603,0.5832109999999999,579350.0,182350.0,,,,,0.0,rainfall,Tipping Bucket Raingauge,mm
50106,50.737466,-3.91805,264750.0,94850.0,,,,,0.0,rainfall,Tipping Bucket Raingauge,mm
036704,54.434842,-0.550006,494150.0,505350.0,,,,,0.0,rainfall,Tipping Bucket Raingauge,mm
E160,51.384733,0.6263639999999999,582850.0,168350.0,,,,,0.0,rainfall,Tipping Bucket Raingauge,mm
44100,50.778033,-2.848812,340250.0,97950.0,,,,,0.0,rainfall,Tipping Bucket Raingauge,mm
085322,53.571934,-1.5884589999999998,427350.0,408450.0,,,,,0.0,rainfall,Tipping Bucket Raingauge,mm
46160,50.473478,-3.89184,265850.0,65450.0,,,,,0.0,rainfall,Tipping Bucket Raingauge,mm
253861TP,51.794582,-1.562775,430250.0,210750.0,,,,,0.0,rainfall,Tipping Bucket Raingauge,mm
567866,53.460365,-2.916431,339250.0,396350.0,,,,,0.0,rainfall,Tipping Bucket Raingauge,mm
E45811,53.497914,-0.196218,519750.0,401650.0,,,,,0.0,rainfall,Tipping Bucket Raingauge,mm
018777,54.860973,-1.670477,421250.0,551850.0,,,,,0.0,rainfall,Tipping Bucket Raingauge,mm
E6280,50.931554,0.580819,581450.0,117850.0,,,,,0.0,rainfall,Tipping Bucket Raingauge,mm
077256,53.798228,-2.056887,396350.0,433550.0,,,,,0.4,rainfall,Tipping Bucket Raingauge,mm
E24751,52.46533,0.054229,539650.0,287250.0,,,,,0.0,rainfall,Tipping Bucket Raingauge,mm
577417,53.908061,-3.019063,333150.0,446250.0,,,,,0.0,rainfall,Tipping Bucket Raingauge,mm
E44101,51.793436,0.648601,582750.0,213850.0,,,,,0.0,rainfall,Tipping Bucket Raingauge,mm
45236,50.776987,-3.176428,317150.0,98150.0,,,,,0.0,rainfall,Tipping Bucket Raingauge,mm
45168,50.973456,-3.383642,302950.0,120250.0,,,,,0.0,rainfall,Tipping Bucket Raingauge,mm
E4540,51.202987,0.784947,594650.0,148550.0,,,,,0.0,rainfall,Tipping Bucket Raingauge,mm
265415TP,51.465368,-1.197403,455850.0,174350.0,,,,,0.0,rainfall,Tipping Bucket Raingauge,mm
E42971,52.181011,0.952464,601950.0,257750.0,,,,,0.0,rainfall,Tipping Bucket Raingauge,mm
256230TP,51.749085,-1.272057,450350.0,205850.0,,,,,0.0,rainfall,Tipping Bucket Raingauge,mm
531108,51.237472,-2.325815,377350.0,148750.0,,,,,0.0,rainfall,Tipping Bucket Raingauge,mm
274178TP,51.667285,-0.923447,474550.0,197050.0,,,,,0.0,rainfall,Tipping Bucket Raingauge,mm
E21288,52.447056,1.60611,645150.0,289350.0,,,,,0.0,rainfall,Tipping Bucket Raingauge,mm
E2365,52.632078,-0.313309,514250.0,305150.0,,,,,0.0,rainfall,Tipping Bucket Raingauge,mm
276956TP,51.828295,-0.446536,507150.0,215550.0,,,,,0.0,rainfall,Tipping Bucket Raingauge,mm
E14910,50.722216,-1.142162,460650.0,91750.0,,,,,0.0,rainfall,Tipping Bucket Raingauge,mm
035488,54.438313,-0.976984,466450.0,505250.0,,,,,0.0,rainfall,Tipping Bucket Raingauge,mm
3616,53.22531,-1.701132,420050.0,369850.0,,,,,0.0,rainfall,Tipping Bucket Raingauge,mm
E7065,52.56456,-0.5077,501250.0,297350.0,,,,,0.2,rainfall,Tipping Bucket Raingauge,mm
52222,51.133861,-2.392257,372650.0,137250.0,,,,,0.0,rainfall,Tipping Bucket Raingauge,mm
46108,50.641897,-3.877381,267350.0,84150.0,,,,,0.0,rainfall,Tipping Bucket Raingauge,mm
056505,54.073241,-1.337477,443450.0,464350.0,,,,,0.0,rainfall,Tipping Bucket Raingauge,mm
44103,50.707087,-2.698828,350750.0,89950.0,,,,,0.0,rainfall,Tipping Bucket Raingauge,mm
278744TP,51.690006,-0.5308459999999999,501650.0,200050.0,,,,,0.0,rainfall,Tipping Bucket Raingauge,mm
3652,52.836792,-1.251041,450550.0,326850.0,,,,,0.0,rainfall,Tipping Bucket Raingauge,mm
E5727,52.872934,0.138821,544050.0,332750.0,,,,,0.0,rainfall,Tipping Bucket Raingauge,mm
601304,54.536396,-2.762648,350750.0,515950.0,,,,,0.2,rainfall,Tipping Bucket Raingauge,mm
E11040,50.889075,-0.881768,478750.0,110550.0,,,,,0.0,rainfall,Tipping Bucket Raingauge,mm
E12580,51.089429,-1.328148,447150.0,132450.0,,,,,0.0,rainfall,Tipping Bucket Raingauge,mm
026958,54.683225,-2.252002,383850.0,532050.0,,,,,0.0,rainfall,Tipping Bucket Raingauge,mm
E24879,51.616598,0.593505,579650.0,194050.0,,,,,0.0,rainfall,Tipping Bucket Raingauge,mm
041917,53.805201,-0.3091009999999999,511450.0,435650.0,,,,,0.0,rainfall,Tipping Bucket Raingauge,mm
240201TP,51.884151,-0.4547819999999999,506450.0,221750.0,,,,,0.0,rainfall,Tipping Bucket Raingauge,mm
240350TP,51.813497,-0.2874649999999999,518150.0,214150.0,,,,,0.0,rainfall,Tipping Bucket Raingauge,mm
47163,50.366737,-4.230702,241450.0,54250.0,,,,,0.0,rainfall,Tipping Bucket Raingauge,mm
E2463,52.665732,-0.158215,524650.0,309150.0,,,,,0.0,rainfall,Tipping Bucket Raingauge,mm
1165,52.205609,-1.605581,427050.0,256450.0,,,,,0.0,rainfall,Tipping Bucket Raingauge,mm
1155,52.417004,-1.12584,459550.0,280250.0,,,,,0.0,rainfall,Tipping Bucket Raingauge,mm
280826TP,51.226121,-0.774805,485650.0,148150.0,,,,,0.0,rainfall,Tipping Bucket Raingauge,mm
560943,53.697953,-2.353609,376750.0,422450.0,,,,,0.0,rainfall,Tipping Bucket Raingauge,mm
561299,53.65712,-2.049131,396850.0,417850.0,,,,,0.0,rainfall,Tipping Bucket Raingauge,mm
E37081,52.84066,1.075753,607250.0,331450.0,,,,,0.0,rainfall,Tipping Bucket Raingauge,mm
45102,51.129849,-3.534087,292750.0,137850.0,,,,,0.0,rainfall,Tipping Bucket Raingauge,mm
49105,50.558792,-4.637937,213250.0,76550.0,,,,,0.0,rainfall,Tipping Bucket Raingauge,mm
023164,54.610418,-1.740626,416850.0,523950.0,,,,,0.0,rainfall,Tipping Bucket Raingauge,mm
016140,54.960162,-2.160033,389850.0,562850.0,,,,,0.0,rainfall,Tipping Bucket Raingauge,mm
603111,55.093207,-2.481773,369350.0,577750.0,,,,,0.2,rainfall,Tipping Bucket Raingauge,mm
E25051,53.235003,0.1028849999999999,540450.0,372950.0,,,,,0.0,rainfall,Tipping Bucket Raingauge,mm
264254TP,51.617635,-1.115281,461350.0,191350.0,,,,,0.0,rainfall,Tipping Bucket Raingauge,mm
287864TP,51.380452,-0.135546,529850.0,166250.0,,,,,0.0,rainfall,Tipping Bucket Raingauge,mm
E24746,52.089557,-0.0565,533250.0,245250.0,,,,,0.0,rainfall,Tipping Bucket Raingauge,mm
45158,51.06991,-3.643436,284950.0,131350.0,,,,,0.0,rainfall,Tipping Bucket Raingauge,mm
E42991,52.558433,1.367321,628350.0,300950.0,,,,,0.0,rainfall,Tipping Bucket Raingauge,mm
E802,51.194952,0.237676,556450.0,146350.0,,,,,0.0,rainfall,Tipping Bucket Raingauge,mm
E24901,51.793116,0.963307,604450.0,214650.0,,,,,0.0,rainfall,Tipping Bucket Raingauge,mm
025394,54.894495,-1.489343,432850.0,555650.0,,,,,0.0,rainfall,Tipping Bucket Raingauge,mm
E8530,50.913393,0.044891,543850.0,114650.0,,,,,0.0,rainfall,Tipping Bucket Raingauge,mm
E42961,52.945882,0.745281,584550.0,342250.0,,,,,0.0,rainfall,Tipping Bucket Raingauge,mm
E14080,51.252655,-1.256994,451950.0,150650.0,,,,,0.0,rainfall,Tipping Bucket Raingauge,mm
287722TP,51.344874,-0.103964,532150.0,162350.0,,,,,0.0,rainfall,Tipping Bucket Raingauge,mm
1740,52.392235,-1.324715,446050.0,277350.0,,,,,0.0,rainfall,Tipping Bucket Raingauge,mm
47166,50.549928,-3.999359,258450.0,74150.0,,,,,0.0,rainfall,Tipping Bucket Raingauge,mm
3574,52.897659,-1.359998,443150.0,333550.0,,,,,0.0,rainfall,Tipping Bucket Raingauge,mm
282290TP,51.143947,-0.512508,504150.0,139350.0,,,,,0.0,rainfall,Tipping Bucket Raingauge,mm
49104,50.509966,-4.568918,217950.0,70950.0,,,,,0.0,rainfall,Tipping Bucket Raingauge,mm
E270,51.321154,0.447621,570650.0,160850.0,,,,,0.0,rainfall,Tipping Bucket Raingauge,mm
586820,54.444792,-3.103284,328550.0,506050.0,,,,,1.6,rainfall,Tipping Bucket Raingauge,mm
E42981,52.554012,1.032047,605650.0,299450.0,,,,,0.0,rainfall,Tipping Bucket Raingauge,mm
594202,54.58826,-3.316076,315050.0,522250.0,,,,,0.2,rainfall,Tipping Bucket Raingauge,mm
E7200,52.555577,-0.828089,479550.0,295950.0,,,,,0.0,rainfall,Tipping Bucket Raingauge,mm
E46061,53.546796,-0.1594239999999999,522050.0,407150.0,,,,,0.0,rainfall,Tipping Bucket Raingauge,mm
E27621,51.542522,0.567655,578150.0,185750.0,,,,,0.0,rainfall,Tipping Bucket Raingauge,mm
E1681,51.067661,0.215829,555350.0,132150.0,,,,,0.0,rainfall,Tipping Bucket Raingauge,mm
50110,51.016891,-3.822629,272250.0,125750.0,,,,,0.0,rainfall,Tipping Bucket Raingauge,mm
E7075,52.490034,-0.666347,490650.0,288850.0,,,,,0.0,rainfall,Tipping Bucket Raingauge,mm
3025,52.701554,-2.119078,392050.0,311550.0,,,,,0.0,rainfall,Tipping Bucket Raingauge,mm
575384,53.790306,-2.422692,372250.0,432750.0,,,,,0.0,rainfall,Tipping Bucket Raingauge,mm
257039TP,52.072227,-1.333928,445750.0,241750.0,,,,,0.0,rainfall,Tipping Bucket Raingauge,mm
E2410,51.204793,0.588909,580950.0,148250.0,,,,,0.0,rainfall,Tipping Bucket Raingauge,mm
263541TP,51.741752,-1.120101,460850.0,205150.0,,,,,0.0,rainfall,Tipping Bucket Raingauge,mm
052287,54.409101,-1.735735,417250.0,501550.0,,,,,0.0,rainfall,Tipping Bucket Raingauge,mm
E10500,51.000801,-0.904738,476950.0,122950.0,,,,,0.0,rainfall,Tipping Bucket Raingauge,mm
3611,53.485476,-0.775492,481350.0,399450.0,,,,,0.0,rainfall,Tipping Bucket Raingauge,mm
3100,52.830414,-1.607371,426550.0,325950.0,,,,,0.0,rainfall,Tipping Bucket Raingauge,mm
3601,53.231399,-0.806723,479750.0,371150.0,,,,,0.0,rainfall,Tipping Bucket Raingauge,mm
007292,55.033951,-1.969453,402050.0,571050.0,,,,,0.0,rainfall,Tipping Bucket Raingauge,mm
E12570,51.008538,-1.335019,446750.0,123450.0,,,,,0.0,rainfall,Tipping Bucket Raingauge,mm
244027TP,51.769108,0.016666,539250.0,209750.0,,,,,0.0,rainfall,Tipping Bucket Raingauge,mm
E21637,52.269301,0.00265,536750.0,265350.0,,,,,0.0,rainfall,Tipping Bucket Raingauge,mm
055R0521E_TG_326,52.221039,-2.984386,332850.0,258550.0,,,,,0.0,rainfall,Tipping Bucket Raingauge,mm
E21179,51.636308,0.385069,565150.0,195750.0,,,,,0.2,rainfall,Tipping Bucket Raingauge,mm
243045TP,51.965517,0.147752,547650.0,231850.0,,,,,0.0,rainfall,Tipping Bucket Raingauge,mm
261923TP,51.825767,-0.8529249999999999,479150.0,214750.0,,,,,0.0,rainfall,Tipping Bucket Raingauge,mm
E7105,53.359329,-0.017234,532050.0,386550.0,,,,,0.0,rainfall,Tipping Bucket Raingauge,mm
555207,53.114913,-2.221812,385250.0,357550.0,,,,,0.0,rainfall,Tipping Bucket Raingauge,mm
E24889,52.35513,1.431153,633750.0,278550.0,,,,,0.0,rainfall,Tipping Bucket Raingauge,mm
E37271,52.049494,0.452229,568250.0,241850.0,,,,,0.0,rainfall,Tipping Bucket Raingauge,mm
589359,54.342135,-3.21744,320950.0,494750.0,,,,,0.0,rainfall,Tipping Bucket Raingauge,mm
E2544,52.495753,-0.4702579999999999,503950.0,289750.0,,,,,0.0,rainfall,Tipping Bucket Raingauge,mm
52105,51.134741,-2.999693,330150.0,137750.0,,,,,0.0,rainfall,Tipping Bucket Raingauge,mm
239579TP,51.527809,0.085279,544750.0,183050.0,,,,,0.0,rainfall,Tipping Bucket Raingauge,mm
571894,54.103514,-2.27294,382250.0,467550.0,,,,,0.4,rainfall,Tipping Bucket Raingauge,mm
586493,54.246782,-2.923038,339950.0,483850.0,,,,,0.8,rainfall,Tipping Bucket Raingauge,mm
E22400,52.177103,0.456319,568050.0,256050.0,,,,,0.0,rainfall,Tipping Bucket Raingauge,mm
558016,53.24456,-1.997705,400250.0,371950.0,,,,,0.0,rainfall,Tipping Bucket Raingauge,mm
E1700,51.046446,0.196269,554050.0,129750.0,,,,,0.0,rainfall,Tipping Bucket Raingauge,mm
1045,52.362576,-1.508732,433550.0,273950.0,,,,,0.0,rainfall,Tipping Bucket Raingauge,mm
051729,54.413883,-1.988402,400850.0,502050.0,,,,,0.4,rainfall,Tipping Bucket Raingauge,mm
1769,52.199933,-2.097246,393450.0,255750.0,,,,,0.0,rainfall,Tipping Bucket Raingauge,mm
E24756,52.494069,1.157581,614450.0,293150.0,,,,,0.0,rainfall,Tipping Bucket Raingauge,mm
603315,55.026371,-2.560748,364250.0,570350.0,,,,,0.0,rainfall,Tipping Bucket Raingauge,mm
52101,50.971757,-3.122948,321250.0,119750.0,,,,,0.0,rainfall,Tipping Bucket Raingauge,mm
600735,54.630789,-2.8898900000000003,342650.0,526550.0,,,,,0.0,rainfall,Tipping Bucket Raingauge,mm
E22309,52.426228,0.740815,586450.0,284450.0,,,,,0.0,rainfall,Tipping Bucket Raingauge,mm
276651TP,51.755019,-0.285332,518450.0,207650.0,,,,,0.0,rainfall,Tipping Bucket Raingauge,mm
E14440,50.744376,-1.57404,430150.0,93950.0,,,,,0.0,rainfall,Tipping Bucket Raingauge,mm
49172,50.589351,-4.830395,199750.0,80450.0,,,,,0.0,rainfall,Tipping Bucket Raingauge,mm
562417,53.60958,-2.440532,370950.0,412650.0,,,,,0.0,rainfall,Tipping Bucket Raingauge,mm
579167,53.897316,-2.901619,340850.0,444950.0,,,,,0.0,rainfall,Tipping Bucket Raingauge,mm
073422,54.100116,-2.164345,389350.0,467150.0,,,,,0.2,rainfall,Tipping Bucket Raingauge,mm
E23392,52.835301,0.858574,592650.0,330250.0,,,,,0.0,rainfall,Tipping Bucket Raingauge,mm
E23487,52.153042,1.061731,609550.0,254950.0,,,,,0.0,rainfall,Tipping Bucket Raingauge,mm
585512,54.37577,-2.72272,353150.0,498050.0,,,,,0.0,rainfall,Tipping Bucket Raingauge,mm
047439,54.31489,-2.180572,388350.0,491050.0,,,,,0.2,rainfall,Tipping Bucket Raingauge,mm
3110,53.122311,-2.011159,399350.0,358350.0,,,,,0.0,rainfall,Tipping Bucket Raingauge,mm
44213,50.825864,-2.686403,351750.0,103150.0,,,,,0.0,rainfall,Tipping Bucket Raingauge,mm
1332,52.589321,-2.78744,346750.0,299350.0,,,,,0.0,rainfall,Tipping Bucket Raingauge,mm
582837,54.090487,-2.425739,372250.0,466150.0,,,,,0.2,rainfall,Tipping Bucket Raingauge,mm
E3281,51.324099,0.908555,602750.0,162350.0,,,,,0.0,rainfall,Tipping Bucket Raingauge,mm
E23205,52.470804,1.73914,654050.0,292450.0,,,,,0.0,rainfall,Tipping Bucket Raingauge,mm
E19017,52.058925,0.296651,557550.0,242550.0,,,,,0.0,rainfall,Tipping Bucket Raingauge,mm
E24865,51.733867,0.7363649999999999,589050.0,207450.0,,,,,0.0,rainfall,Tipping Bucket Raingauge,mm
240662TP,51.937159,-0.3845909999999999,511150.0,227750.0,,,,,0.0,rainfall,Tipping Bucket Raingauge,mm
E7270,50.890762,0.554388,579750.0,113250.0,,,,,0.0,rainfall,Tipping Bucket Raingauge,mm
558491,53.38925,-1.919511,405450.0,388050.0,,,,,0.0,rainfall,Tipping Bucket Raingauge,mm
3346,52.95331,-2.040883,397350.0,339550.0,,,,,0.0,rainfall,Tipping Bucket Raingauge,mm
013553,54.820161,-2.445834,371450.0,547350.0,,,,,0.0,rainfall,Tipping Bucket Raingauge,mm
1141,51.777374,-2.093434,393650.0,208750.0,,,,,0.0,rainfall,Tipping Bucket Raingauge,mm
573674,53.971437,-2.529714,365350.0,452950.0,,,,,0.2,rainfall,Tipping Bucket Raingauge,mm
E14920,50.691845,-1.308358,448950.0,88250.0,,,,,0.0,rainfall,Tipping Bucket Raingauge,mm
059793,53.966652,-1.115089,458150.0,452650.0,,,,,0.0,rainfall,Tipping Bucket Raingauge,mm
300001TP,51.13979,-0.960059,472850.0,138350.0,,,,,0.0,rainfall,Tipping Bucket Raingauge,mm
038476,54.107252,-0.128568,522450.0,469550.0,,,,,0.0,rainfall,Tipping Bucket Raingauge,mm
53107,51.416755,-2.485269,366350.0,168750.0,,,,,0.0,rainfall,Tipping Bucket Raingauge,mm
E11461,50.902688,-1.10472,463050.0,111850.0,,,,,0.0,rainfall,Tipping Bucket Raingauge,mm
E8500,51.066083,-0.159624,529050.0,131250.0,,,,,0.0,rainfall,Tipping Bucket Raingauge,mm
E24727,52.7599,0.5364249999999999,571250.0,321050.0,,,,,0.0,rainfall,Tipping Bucket Raingauge,mm
283596TP,51.341055,-0.599459,497650.0,161150.0,,,,,0.0,rainfall,Tipping Bucket Raingauge,mm
576925,53.748659,-2.825643,345650.0,428350.0,,,,,0.0,rainfall,Tipping Bucket Raingauge,mm
241243TP,51.950719,-0.145455,527550.0,229650.0,,,,,0.0,rainfall,Tipping Bucket Raingauge,mm
1409,52.59735,-3.029712,330350.0,300450.0,,,,,0.0,rainfall,Tipping Bucket Raingauge,mm
47102,50.766684,-4.425535,229050.0,99150.0,,,,,0.0,rainfall,Tipping Bucket Raingauge,mm
49162,50.438007,-4.948114,190750.0,63950.0,,,,,0.0,rainfall,Tipping Bucket Raingauge,mm
076204,53.787777,-1.627332,424650.0,432450.0,,,,,0.0,rainfall,Tipping Bucket Raingauge,mm
53102,51.549024,-2.052583,396450.0,183350.0,,,,,0.0,rainfall,Tipping Bucket Raingauge,mm
287451TP,51.308021,-0.16144,528250.0,158150.0,,,,,0.0,rainfall,Tipping Bucket Raingauge,mm
E4080,51.258867,1.033447,611750.0,155450.0,,,,,0.0,rainfall,Tipping Bucket Raingauge,mm
E12160,50.942234,-1.227791,454350.0,116150.0,,,,,0.0,rainfall,Tipping Bucket Raingauge,mm
53106,51.474338,-2.127367,391250.0,175050.0,,,,,0.2,rainfall,Tipping Bucket Raingauge,mm
52225,51.260327,-2.806074,343850.0,151550.0,,,,,0.0,rainfall,Tipping Bucket Raingauge,mm
417417TP,51.466604,-0.571144,499350.0,175150.0,,,,,0.0,rainfall,Tipping Bucket Raingauge,mm
265038TP,51.543602,-1.343114,445650.0,182950.0,,,,,0.0,rainfall,Tipping Bucket Raingauge,mm
45231,50.76725,-2.963477,332150.0,96850.0,,,,,0.0,rainfall,Tipping Bucket Raingauge,mm
598147,54.504409,-2.241634,384450.0,512150.0,,,,,0.2,rainfall,Tipping Bucket Raingauge,mm
247540TP,51.479469,-0.451216,507650.0,176750.0,,,,,0.0,rainfall,Tipping Bucket Raingauge,mm
49108,50.733448,-4.549952,220150.0,95750.0,,,,,0.0,rainfall,Tipping Bucket Raingauge,mm
074385,53.947438,-2.020525,398750.0,450150.0,,,,,0.0,rainfall,Tipping Bucket Raingauge,mm
44214,50.842091,-2.502005,364750.0,104850.0,,,,,0.0,rainfall,Tipping Bucket Raingauge,mm
035305,54.486239,-0.724171,482750.0,510850.0,,,,,0.0,rainfall,Tipping Bucket Raingauge,mm
570788,53.653543,-2.654324,356850.0,417650.0,,,,,0.0,rainfall,Tipping Bucket Raingauge,mm
1774,52.338976,-2.542273,363150.0,271350.0,,,,,0.0,rainfall,Tipping Bucket Raingauge,mm
E14940,50.681247,-1.198111,456750.0,87150.0,,,,,0.0,rainfall,Tipping Bucket Raingauge,mm
E9720,50.860296,-0.483186,506850.0,107850.0,,,,,0.0,rainfall,Tipping Bucket Raingauge,mm
E1908,53.316679,-0.3449859999999999,510350.0,381250.0,,,,,0.0,rainfall,Tipping Bucket Raingauge,mm
1548,52.408068,-2.335847,377250.0,278950.0,,,,,0.0,rainfall,Tipping Bucket Raingauge,mm
E4090,51.297928,1.053239,612950.0,159850.0,,,,,0.0,rainfall,Tipping Bucket Raingauge,mm
559969,53.459311,-2.134747,391150.0,395850.0,,,,,0.0,rainfall,Tipping Bucket Raingauge,mm
068762,54.368186,-0.974109,466750.0,497450.0,,,,,0.0,rainfall,Tipping Bucket Raingauge,mm
E22322,52.227467,0.7417309999999999,587350.0,262350.0,,,,,0.0,rainfall,Tipping Bucket Raingauge,mm
243679TP,51.805204,0.20975,552450.0,214150.0,,,,,0.0,rainfall,Tipping Bucket Raingauge,mm
604040,54.876682,-2.663085,357550.0,553750.0,,,,,0.0,rainfall,Tipping Bucket Raingauge,mm
E1300,51.141861,-0.0093619999999999,539350.0,139950.0,,,,,0.0,rainfall,Tipping Bucket Raingauge,mm
287141TP,51.362722,-0.209526,524750.0,164150.0,,,,,0.0,rainfall,Tipping Bucket Raingauge,mm
1552,52.541438,-2.193841,386950.0,293750.0,,,,,0.0,rainfall,Tipping Bucket Raingauge,mm
E22218,52.295794,-0.512351,501550.0,267450.0,,,,,0.0,rainfall,Tipping Bucket Raingauge,mm
3380,53.405172,-1.738982,417450.0,389850.0,,,,,0.0,rainfall,Tipping Bucket Raingauge,mm
E7160,52.649303,-0.7620239999999999,483850.0,306450.0,,,,,0.0,rainfall,Tipping Bucket Raingauge,mm
E5728,52.651369,0.565622,573650.0,309050.0,,,,,0.0,rainfall,Tipping Bucket Raingauge,mm
034459,54.518191,-0.964175,467150.0,514150.0,,,,,0.0,rainfall,Tipping Bucket Raingauge,mm
E2578,52.890974,-0.512865,500150.0,333650.0,,,,,0.0,rainfall,Tipping Bucket Raingauge,mm
45115,50.601997,-3.530985,291750.0,79150.0,,,,,0.0,rainfall,Tipping Bucket Raingauge,mm
E24767,52.323479,1.278981,623550.0,274550.0,,,,,0.0,rainfall,Tipping Bucket Raingauge,mm
53108,51.38314,-2.325412,377450.0,164950.0,,,,,0.0,rainfall,Tipping Bucket Raingauge,mm
240470TP,51.775264,-0.1961429999999999,524550.0,210050.0,,,,,0.0,rainfall,Tipping Bucket Raingauge,mm
E13590,50.953747,-1.533691,432850.0,117250.0,,,,,0.0,rainfall,Tipping Bucket Raingauge,mm
039163,54.100377,-0.2084089999999999,517250.0,468650.0,,,,,0.0,rainfall,Tipping Bucket Raingauge,mm
E10140,51.023941,-0.551999,501650.0,125950.0,,,,,0.0,rainfall,Tipping Bucket Raingauge,mm
45113,50.775637,-3.719618,278850.0,98750.0,,,,,0.0,rainfall,Tipping Bucket Raingauge,mm
E24737,52.32454,0.894501,597350.0,273550.0,,,,,0.0,rainfall,Tipping Bucket Raingauge,mm
1087,52.067173,-1.611177,426750.0,241050.0,,,,,0.0,rainfall,Tipping Bucket Raingauge,mm
E42135,53.232468,-0.3662149999999999,509150.0,371850.0,,,,,0.0,rainfall,Tipping Bucket Raingauge,mm
290007TP,51.507135,0.134772,548250.0,180850.0,,,,,0.0,rainfall,Tipping Bucket Raingauge,mm
605936,54.716254,-2.87779,343550.0,536050.0,,,,,0.0,rainfall,Tipping Bucket Raingauge,mm
45166,50.859966,-3.239613,312850.0,107450.0,,,,,0.0,rainfall,Tipping Bucket Raingauge,mm
3641,52.738326,-1.320862,445950.0,315850.0,,,,,0.0,rainfall,Tipping Bucket Raingauge,mm
3349,52.901997,-1.860947,409450.0,333850.0,,,,,0.0,rainfall,Tipping Bucket Raingauge,mm
3861,53.521199,-1.045964,463350.0,403150.0,,,,,0.0,rainfall,Tipping Bucket Raingauge,mm
52227,51.183161,-2.90631,336750.0,143050.0,,,,,0.0,rainfall,Tipping Bucket Raingauge,mm
3781,52.49028,-1.866665,409150.0,288050.0,,,,,0.0,rainfall,Tipping Bucket Raingauge,mm
247344TP,51.550032,-0.4156479999999999,509950.0,184650.0,,,,,0.0,rainfall,Tipping Bucket Raingauge,mm
E7130,53.534467,-0.4994659999999999,499550.0,405250.0,,,,,0.0,rainfall,Tipping Bucket Raingauge,mm
E13580,51.103128,-1.562184,430750.0,133850.0,,,,,0.0,rainfall,Tipping Bucket Raingauge,mm
3603,53.079174,-0.8676649999999999,475950.0,354150.0,,,,,0.0,rainfall,Tipping Bucket Raingauge,mm
574718,53.851109,-2.196809,387150.0,439450.0,,,,,0.2,rainfall,Tipping Bucket Raingauge,mm
43203,51.03167,-2.281587,380350.0,125850.0,,,,,0.0,rainfall,Tipping Bucket Raingauge,mm
289102TP,51.476541,-0.017866,537750.0,177150.0,,,,,0.0,rainfall,Tipping Bucket Raingauge,mm
E1691,51.100206,0.007416,540650.0,135350.0,,,,,0.0,rainfall,Tipping Bucket Raingauge,mm
032822,54.633845,-1.480219,433650.0,526650.0,,,,,0.0,rainfall,Tipping Bucket Raingauge,mm
613467,55.005582,-2.999799,336150.0,568350.0,,,,,0.0,rainfall,Tipping Bucket Raingauge,mm
E1645,53.664551,-0.3434939999999999,509550.0,419950.0,,,,,0.0,rainfall,Tipping Bucket Raingauge,mm
51102,51.117739,-3.349372,305650.0,136250.0,,,,,0.0,rainfall,Tipping Bucket Raingauge,mm
E7180,50.903167,0.47968,574450.0,114450.0,,,,,0.0,rainfall,Tipping Bucket Raingauge,mm
E7170,53.077492,-0.622888,492350.0,354250.0,,,,,0.0,rainfall,Tipping Bucket Raingauge,mm
E2476,52.252632,-1.146653,458350.0,261950.0,,,,,0.0,rainfall,Tipping Bucket Raingauge,mm
245176TP,51.588712,-0.112596,530850.0,189450.0,,,,,0.0,rainfall,Tipping Bucket Raingauge,mm
577271,53.783353,-2.991754,334750.0,432350.0,,,,,0.0,rainfall,Tipping Bucket Raingauge,mm
3773,53.032232,-1.050823,463750.0,348750.0,,,,,0.0,rainfall,Tipping Bucket Raingauge,mm
1794,51.87509,-2.275208,381150.0,219650.0,,,,,0.0,rainfall,Tipping Bucket Raingauge,mm
290200TP,51.280521,0.134285,548950.0,155650.0,,,,,0.0,rainfall,Tipping Bucket Raingauge,mm
600986,54.497284,-2.690895,355350.0,511550.0,,,,,0.4,rainfall,Tipping Bucket Raingauge,mm
005588,55.174997,-1.521877,430550.0,586850.0,,,,,0.0,rainfall,Tipping Bucket Raingauge,mm
082509,53.367029,-1.59795,426850.0,385650.0,,,,,0.0,rainfall,Tipping Bucket Raingauge,mm
560631,53.718989,-2.194675,387250.0,424750.0,,,,,0.0,rainfall,Tipping Bucket Raingauge,mm
E8510,50.90639,-0.0720519999999999,535650.0,113650.0,,,,,0.0,rainfall,Tipping Bucket Raingauge,mm
E13560,50.993139,-1.491976,435750.0,121650.0,,,,,0.0,rainfall,Tipping Bucket Raingauge,mm
285630TP,51.288167,-0.337196,516050.0,155650.0,,,,,0.0,rainfall,Tipping Bucket Raingauge,mm
E7070,52.207563,-0.73336,486650.0,257350.0,,,,,0.0,rainfall,Tipping Bucket Raingauge,mm
037239,54.27325,-0.422074,502850.0,487550.0,,,,,0.0,rainfall,Tipping Bucket Raingauge,mm
E6770,50.965787,0.453104,572350.0,121350.0,,,,,0.0,rainfall,Tipping Bucket Raingauge,mm
924203,55.765373,-2.031043,398150.0,652450.0,,,,,0.0,rainfall,Tipping Bucket Raingauge,mm
3441,53.134445,-1.432716,438050.0,359850.0,,,,,0.0,rainfall,Tipping Bucket Raingauge,mm
E10370,50.999633,-0.7864800000000001,485250.0,122950.0,,,,,0.0,rainfall,Tipping Bucket Raingauge,mm
E10360,51.037622,-0.8995909999999999,477250.0,127050.0,,,,,0.0,rainfall,Tipping Bucket Raingauge,mm
004942,55.347002,-1.630189,423550.0,605950.0,,,,,0.0,rainfall,Tipping Bucket Raingauge,mm
48105,50.303659,-5.098505,179450.0,49450.0,,,,,0.0,rainfall,Tipping Bucket Raingauge,mm
084532,53.366844,-1.351488,443250.0,385750.0,,,,,0.0,rainfall,Tipping Bucket Raingauge,mm
48155,50.593242,-4.743017,205950.0,80650.0,,,,,0.0,rainfall,Tipping Bucket Raingauge,mm
43205,50.755028,-1.936857,404550.0,95050.0,,,,,0.0,rainfall,Tipping Bucket Raingauge,mm
561613,53.663285,-2.180798,388150.0,418550.0,,,,,0.0,rainfall,Tipping Bucket Raingauge,mm
243131TP,51.897439,0.1822959999999999,550250.0,224350.0,,,,,0.0,rainfall,Tipping Bucket Raingauge,mm
576578,53.811772,-2.647675,357450.0,435250.0,,,,,0.0,rainfall,Tipping Bucket Raingauge,mm
E2316,52.810264,-0.5289739999999999,499250.0,324650.0,,,,,0.0,rainfall,Tipping Bucket Raingauge,mm
E5729,52.949162,1.122162,609850.0,343650.0,,,,,0.0,rainfall,Tipping Bucket Raingauge,mm
E22244,52.202674,-0.045714,533650.0,257850.0,,,,,0.0,rainfall,Tipping Bucket Raingauge,mm
080282,53.679365,-1.478411,434550.0,420450.0,,,,,0.0,rainfall,Tipping Bucket Raingauge,mm
E6760,51.028745,0.275298,559650.0,127950.0,,,,,0.2,rainfall,Tipping Bucket Raingauge,mm
1819,52.178577,-2.411624,371950.0,253450.0,,,,,0.0,rainfall,Tipping Bucket Raingauge,mm
E44081,52.060314,0.4936709999999999,571050.0,243150.0,,,,,0.0,rainfall,Tipping Bucket Raingauge,mm
E901,51.15203,0.176969,552350.0,141450.0,,,,,0.0,rainfall,Tipping Bucket Raingauge,mm
054507,54.382707,-1.394093,439450.0,498750.0,,,,,0.0,rainfall,Tipping Bucket Raingauge,mm
021228,54.747962,-2.235316,384950.0,539250.0,,,,,0.2,rainfall,Tipping Bucket Raingauge,mm
022994,54.624106,-1.870637,408450.0,525450.0,,,,,0.0,rainfall,Tipping Bucket Raingauge,mm
52103,50.902608,-2.632068,355650.0,111650.0,,,,,0.0,rainfall,Tipping Bucket Raingauge,mm
E24920,51.532357,0.738679,590050.0,185050.0,,,,,0.0,rainfall,Tipping Bucket Raingauge,mm
1603,52.224678,-2.731196,350150.0,258750.0,,,,,0.0,rainfall,Tipping Bucket Raingauge,mm
254336TP,51.774757,-1.357157,444450.0,208650.0,,,,,0.0,rainfall,Tipping Bucket Raingauge,mm
573342,53.986218,-2.429249,371950.0,454550.0,,,,,0.6,rainfall,Tipping Bucket Raingauge,mm
E5734,51.554554,0.826576,596050.0,187750.0,,,,,0.0,rainfall,Tipping Bucket Raingauge,mm
48171,50.035296,-5.208282,170350.0,19950.0,,,,,0.0,rainfall,Tipping Bucket Raingauge,mm
3767,53.022009,-1.417793,439150.0,347350.0,,,,,0.0,rainfall,Tipping Bucket Raingauge,mm
E11191,50.923464,-0.8126500000000001,483550.0,114450.0,,,,,0.0,rainfall,Tipping Bucket Raingauge,mm
078922,53.60567,-1.766463,415550.0,412150.0,,,,,0.0,rainfall,Tipping Bucket Raingauge,mm
45169,50.80015,-3.436698,298850.0,101050.0,,,,,0.0,rainfall,Tipping Bucket Raingauge,mm
268103TP,51.53833,-1.56235,430450.0,182250.0,,,,,0.0,rainfall,Tipping Bucket Raingauge,mm
075233,53.79732,-1.924807,405050.0,433450.0,,,,,0.4,rainfall,Tipping Bucket Raingauge,mm
3683,52.697431,-1.117291,459750.0,311450.0,,,,,0.0,rainfall,Tipping Bucket Raingauge,mm
606299,54.899013,-2.953493,338950.0,556450.0,,,,,0.0,rainfall,Tipping Bucket Raingauge,mm
028502,54.504568,-2.141258,390950.0,512150.0,,,,,0.2,rainfall,Tipping Bucket Raingauge,mm
E10000,50.950807,-0.528647,503450.0,117850.0,,,,,0.0,rainfall,Tipping Bucket Raingauge,mm
44104,50.671274,-2.491689,365350.0,85850.0,,,,,0.0,rainfall,Tipping Bucket Raingauge,mm
E21096,52.583985,0.3461519999999999,559050.0,301050.0,,,,,0.0,rainfall,Tipping Bucket Raingauge,mm
E44091,51.964319,0.607714,579250.0,232750.0,,,,,0.0,rainfall,Tipping Bucket Raingauge,mm
E14850,50.626578,-1.225903,454850.0,81050.0,,,,,0.0,rainfall,Tipping Bucket Raingauge,mm
52147,51.053779,-2.892367,337550.0,128650.0,,,,,0.0,rainfall,Tipping Bucket Raingauge,mm
E1457,53.275431,-0.63753,490950.0,376250.0,,,,,0.0,rainfall,Tipping Bucket Raingauge,mm
52129,50.875913,-2.981351,331050.0,108950.0,,,,,0.0,rainfall,Tipping Bucket Raingauge,mm
E21589,52.080162,1.29614,625950.0,247550.0,,,,,0.0,rainfall,Tipping Bucket Raingauge,mm
079621,53.698015,-1.667505,422050.0,422450.0,,,,,0.0,rainfall,Tipping Bucket Raingauge,mm
3026,52.79928,-2.275079,381550.0,322450.0,,,,,0.0,rainfall,Tipping Bucket Raingauge,mm
52223,51.393485,-2.917648,336250.0,166450.0,,,,,0.0,rainfall,Tipping Bucket Raingauge,mm
1713,52.84224,-2.872181,341350.0,327550.0,,,,,0.0,rainfall,Tipping Bucket Raingauge,mm
022163,54.761631,-1.902834,406350.0,540750.0,,,,,0.0,rainfall,Tipping Bucket Raingauge,mm
021028,54.938987,-1.393566,438950.0,560650.0,,,,,0.0,rainfall,Tipping Bucket Raingauge,mm
E23470,52.191671,1.4844,638250.0,260550.0,,,,,0.0,rainfall,Tipping Bucket Raingauge,mm
560557,53.431001,-2.352893,376650.0,392750.0,,,,,0.0,rainfall,Tipping Bucket Raingauge,mm
047281,54.275194,-2.263325,382950.0,486650.0,,,,,0.2,rainfall,Tipping Bucket Raingauge,mm
52150,51.128821,-3.323971,307450.0,137450.0,,,,,0.0,rainfall,Tipping Bucket Raingauge,mm
E7040,50.82004,0.250967,558652.0,104692.0,,,,,0.0,rainfall,Tipping Bucket Raingauge,mm
061431,54.163943,-2.152346,390150.0,474250.0,,,,,0.6,rainfall,Tipping Bucket Raingauge,mm
E5726,52.611622,-0.461792,504250.0,302650.0,,,,,0.0,rainfall,Tipping Bucket Raingauge,mm
013878,54.871077,-2.5227500000000003,366550.0,553050.0,,,,,0.0,rainfall,Tipping Bucket Raingauge,mm
291477TP,51.458979,0.11237,546850.0,175450.0,,,,,0.0,rainfall,Tipping Bucket Raingauge,mm
E23518,52.603459,1.16988,614750.0,305350.0,,,,,0.0,rainfall,Tipping Bucket Raingauge,mm
276036TP,51.54306,-0.500973,504050.0,183750.0,,,,,0.0,rainfall,Tipping Bucket Raingauge,mm
E2382,52.332215,-0.7885059999999999,482650.0,271150.0,,,,,0.0,rainfall,Tipping Bucket Raingauge,mm
597519,54.362171,-2.342366,377850.0,496350.0,,,,,0.3,rainfall,Tipping Bucket Raingauge,mm
E5721,53.175194,-0.524002,498750.0,365250.0,,,,,0.0,rainfall,Tipping Bucket Raingauge,mm
E23420,52.77483,1.151185,612650.0,324350.0,,,,,0.0,rainfall,Tipping Bucket Raingauge,mm
E10120,51.120939,-0.616127,496950.0,136650.0,,,,,0.0,rainfall,Tipping Bucket Raingauge,mm
43105,51.358394,-1.927417,405150.0,162150.0,,,,,0.0,rainfall,Tipping Bucket Raingauge,mm
E24187,52.218546,1.268312,623350.0,262850.0,,,,,0.0,rainfall,2,mm
E6780,50.885427,0.6721119999999999,588050.0,112950.0,,,,,0.0,rainfall,Tipping Bucket Raingauge,mm
284703TP,51.178085,-0.133707,530550.0,143750.0,,,,,0.0,rainfall,Tipping Bucket Raingauge,mm
240816TP,51.873475,-0.269208,519250.0,220850.0,,,,,0.0,rainfall,Tipping Bucket Raingauge,mm
291241TP,51.367559,0.09523,545950.0,165250.0,,,,,0.0,rainfall,Tipping Bucket Raingauge,mm
50103,50.880864,-4.152815,248650.0,111250.0,,,,,0.0,rainfall,Tipping Bucket Raingauge,mm
47170,50.546683,-4.319646,235750.0,74450.0,,,,,0.0,rainfall,Tipping Bucket Raingauge,mm
531184,51.236826,-2.216949,384950.0,148650.0,,,,,0.0,rainfall,Tipping Bucket Raingauge,mm
531175,51.546033,-2.267448,381550.0,183050.0,,,,,0.0,rainfall,Tipping Bucket Raingauge,mm
E21335,52.132397,-0.953181,471750.0,248750.0,,,,,0.0,rainfall,Tipping Bucket Raingauge,mm
592448,54.498872,-3.181948,323550.0,512150.0,,,,,0.8,rainfall,Tipping Bucket Raingauge,mm
50194,51.024089,-4.236452,243250.0,127350.0,,,,,0.0,rainfall,Tipping Bucket Raingauge,mm
241790TP,51.871184,-0.0644759999999999,533350.0,220950.0,,,,,0.0,rainfall,Tipping Bucket Raingauge,mm
017651,55.000299,-1.68497,420250.0,567350.0,,,,,0.0,rainfall,Tipping Bucket Raingauge,mm
47108,50.586706,-4.106872,250950.0,78450.0,,,,,0.0,rainfall,Tipping Bucket Raingauge,mm
1813,51.749956,-2.336734,376850.0,205750.0,,,,,0.0,rainfall,Tipping Bucket Raingauge,mm
E23646,52.571992,0.1241439999999999,544050.0,299250.0,,,,,0.2,rainfall,Tipping Bucket Raingauge,mm
48181,50.339136,-4.836569,198250.0,52650.0,,,,,0.0,rainfall,Tipping Bucket Raingauge,mm
053532,54.318976,-1.637925,423650.0,491550.0,,,,,0.4,rainfall,Tipping Bucket Raingauge,mm
E8480,50.991504,0.1523479999999999,551150.0,123550.0,,,,,0.0,rainfall,Tipping Bucket Raingauge,mm
1817,52.708345,-2.980518,333850.0,312750.0,,,,,0.0,rainfall,Tipping Bucket Raingauge,mm
083280,53.194682,-1.434915,437850.0,366550.0,,,,,0.0,rainfall,Tipping Bucket Raingauge,mm
253340TP,51.878717,-1.737736,418150.0,220050.0,,,,,0.0,rainfall,Tipping Bucket Raingauge,mm
256345TP,52.168732,-1.235988,452350.0,252550.0,,,,,0.0,rainfall,Tipping Bucket Raingauge,mm
E2040,51.138337,0.4593819999999999,572150.0,140550.0,,,,,0.0,rainfall,Tipping Bucket Raingauge,mm
026090,54.760776,-1.340287,442550.0,540850.0,,,,,0.0,rainfall,Tipping Bucket Raingauge,mm
3178,52.999107,-1.06794,462650.0,345050.0,,,,,0.0,rainfall,Tipping Bucket Raingauge,mm
E22486,51.990419,0.395105,564550.0,235150.0,,,,,0.0,rainfall,Tipping Bucket Raingauge,mm
E24952,51.743647,0.324082,560550.0,207550.0,,,,,0.0,rainfall,Tipping Bucket Raingauge,mm
E1976,52.615107,-0.675844,489750.0,302750.0,,,,,0.0,rainfall,Tipping Bucket Raingauge,mm
010660,55.320859,-2.396284,374950.0,603050.0,,,,,0.0,rainfall,Tipping Bucket Raingauge,mm
E24591,52.345564,0.484737,569350.0,274850.0,,,,,0.2,rainfall,Tipping Bucket Raingauge,mm
43103,51.164146,-1.894828,407450.0,140550.0,,,,,0.0,rainfall,Tipping Bucket Raingauge,mm
E5731,52.226854,-0.464875,504950.0,259850.0,,,,,0.0,rainfall,Tipping Bucket Raingauge,mm
287946TP,51.415955,-0.1628649999999999,527850.0,170150.0,,,,,0.0,rainfall,Tipping Bucket Raingauge,mm
E2050,51.098285,0.3958359999999999,567850.0,135950.0,,,,,0.0,rainfall,Tipping Bucket Raingauge,mm
1040,52.309441,-1.774803,415450.0,267950.0,,,,,0.0,rainfall,Tipping Bucket Raingauge,mm
45167,50.908664,-3.226683,313850.0,112850.0,,,,,0.0,rainfall,Tipping Bucket Raingauge,mm
E23440,52.825263,1.408721,629750.0,330750.0,,,,,0.0,rainfall,Tipping Bucket Raingauge,mm
010312,55.143004,-2.375693,376150.0,583250.0,,,,,0.0,rainfall,Tipping Bucket Raingauge,mm
592464,54.511299,-3.197753,322550.0,513550.0,,,,,0.4,rainfall,Tipping Bucket Raingauge,mm
E14420,50.824355,-1.559116,431150.0,102850.0,,,,,0.0,rainfall,Tipping Bucket Raingauge,mm
43201,51.085428,-2.353299,375350.0,131850.0,,,,,0.0,rainfall,Tipping Bucket Raingauge,mm
3779,53.591168,-0.7392000000000001,483550.0,411250.0,,,,,0.0,rainfall,Tipping Bucket Raingauge,mm
E43545,53.2518,-0.1511259999999999,523450.0,374350.0,,,,,0.0,rainfall,Tipping Bucket Raingauge,mm
035103,54.541989,-0.815179,476750.0,516950.0,,,,,0.0,rainfall,Tipping Bucket Raingauge,mm
E5170,51.117863,1.194265,623650.0,140250.0,,,,,0.0,rainfall,Tipping Bucket Raingauge,mm
574656,53.833251,-2.102519,393350.0,437450.0,,,,,0.3,rainfall,Tipping Bucket Raingauge,mm
E24908,51.584133,0.637851,582850.0,190550.0,,,,,0.0,rainfall,Tipping Bucket Raingauge,mm
039268,54.04064,-0.241524,515250.0,461950.0,,,,,0.0,rainfall,Tipping Bucket Raingauge,mm
50188,51.178491,-4.106562,252850.0,144250.0,,,,,0.0,rainfall,Tipping Bucket Raingauge,mm
014555,54.97002,-2.500603,368050.0,564050.0,,,,,0.2,rainfall,Tipping Bucket Raingauge,mm
45183,51.114443,-3.795033,274450.0,136550.0,,,,,0.0,rainfall,Tipping Bucket Raingauge,mm
288092TP,51.4214,-0.109429,531550.0,170850.0,,,,,0.0,rainfall,Tipping Bucket Raingauge,mm
44132,50.658982,-2.415165,370750.0,84450.0,,,,,0.0,rainfall,Tipping Bucket Raingauge,mm
3771,52.948025,-1.088386,461350.0,339350.0,,,,,0.0,rainfall,Tipping Bucket Raingauge,mm
47112,50.440912,-4.010253,257350.0,62050.0,,,,,0.0,rainfall,Tipping Bucket Raingauge,mm
E24930,51.820817,1.005761,607250.0,217850.0,,,,,0.0,rainfall,Tipping Bucket Raingauge,mm
591419,54.427181,-3.488178,303550.0,504550.0,,,,,0.0,rainfall,Tipping Bucket Raingauge,mm
E21602,51.733425,0.4292849999999999,567850.0,206650.0,,,,,0.0,rainfall,Tipping Bucket Raingauge,mm
E24732,52.516458,0.988183,602850.0,295150.0,,,,,0.0,rainfall,Tipping Bucket Raingauge,mm
3571,53.105132,-2.154547,389750.0,356450.0,,,,,0.0,rainfall,Tipping Bucket Raingauge,mm
569709,53.604601,-2.556847,363250.0,412150.0,,,,,0.0,rainfall,Tipping Bucket Raingauge,mm
3288,52.542109,-1.696942,420650.0,293850.0,,,,,0.0,rainfall,Tipping Bucket Raingauge,mm
46103,50.47913,-3.760983,275150.0,65850.0,,,,,0.0,rainfall,Tipping Bucket Raingauge,mm
E1966,52.5771,-0.125035,527150.0,299350.0,,,,,0.0,rainfall,Tipping Bucket Raingauge,mm
584772,54.3319,-2.69427,354950.0,493150.0,,,,,0.0,rainfall,Tipping Bucket Raingauge,mm
53111,51.315105,-2.495674,365550.0,157450.0,,,,,0.0,rainfall,Tipping Bucket Raingauge,mm
52149,50.937299,-2.527224,363050.0,115450.0,,,,,0.0,rainfall,Tipping Bucket Raingauge,mm
E8743,50.853435,-0.133909,531450.0,107650.0,,,,,0.0,rainfall,Tipping Bucket Raingauge,mm
E5723,53.093909,-0.172837,522450.0,356750.0,,,,,0.0,rainfall,Tipping Bucket Raingauge,mm
E1606,52.930882,-0.4014,507550.0,338250.0,,,,,0.0,rainfall,Tipping Bucket Raingauge,mm
034091,54.596104,-1.039588,462150.0,522750.0,,,,,0.0,rainfall,Tipping Bucket Raingauge,mm
48169,50.191057,-5.514391,149250.0,38250.0,,,,,0.0,rainfall,Tipping Bucket Raingauge,mm
53101,51.602099,-2.455479,368550.0,189350.0,,,,,0.0,rainfall,Tipping Bucket Raingauge,mm
E1716,52.434206,-0.92251,473350.0,282350.0,,,,,0.0,rainfall,Tipping Bucket Raingauge,mm
040492,53.6913,-0.031959,530050.0,423450.0,,,,,0.0,rainfall,Tipping Bucket Raingauge,mm
586898,54.420708,-2.977801,336650.0,503250.0,,,,,0.2,rainfall,Tipping Bucket Raingauge,mm
E14430,50.760875,-1.670302,423350.0,95750.0,,,,,0.0,rainfall,Tipping Bucket Raingauge,mm
45208,50.850579,-2.888483,337550.0,106050.0,,,,,0.0,rainfall,Tipping Bucket Raingauge,mm
1761,52.051393,-1.762976,416350.0,239250.0,,,,,0.0,rainfall,Tipping Bucket Raingauge,mm
3775,53.07731,-1.190151,454350.0,353650.0,,,,,0.0,rainfall,Tipping Bucket Raingauge,mm
600140,54.500172,-2.930285,339850.0,512050.0,,,,,0.3,rainfall,Tipping Bucket Raingauge,mm
E46331,53.248384,0.004612,533850.0,374250.0,,,,,0.0,rainfall,Tipping Bucket Raingauge,mm
077336,53.77754,-2.084173,394550.0,431250.0,,,,,0.2,rainfall,Tipping Bucket Raingauge,mm
3201,52.579333,-1.532878,431750.0,298050.0,,,,,0.0,rainfall,Tipping Bucket Raingauge,mm
E24940,51.835947,0.597384,579050.0,218450.0,,,,,0.0,rainfall,Tipping Bucket Raingauge,mm
51126,51.124753,-3.200962,316050.0,136850.0,,,,,0.0,rainfall,Tipping Bucket Raingauge,mm
E1980,52.24053,-1.091234,462150.0,260650.0,,,,,0.0,rainfall,Tipping Bucket Raingauge,mm
46161,50.384444,-3.523968,291750.0,54950.0,,,,,0.0,rainfall,Tipping Bucket Raingauge,mm
E5722,53.031102,-0.503575,500450.0,349250.0,,,,,0.0,rainfall,Tipping Bucket Raingauge,mm
E9660,50.929364,-0.469557,507650.0,115550.0,,,,,0.0,rainfall,Tipping Bucket Raingauge,mm
E5733,51.895742,0.4511139999999999,568750.0,224750.0,,,,,0.0,rainfall,Tipping Bucket Raingauge,mm
48157,50.286686,-4.810984,199850.0,46750.0,,,,,0.0,rainfall,Tipping Bucket Raingauge,mm
076413,53.83349,-1.58894,427150.0,437550.0,,,,,0.0,rainfall,Tipping Bucket Raingauge,mm
53103,51.530109,-1.896872,407250.0,181250.0,,,,,0.0,rainfall,Tipping Bucket Raingauge,mm
243543TP,51.866534,0.2476169999999999,554850.0,221050.0,,,,,0.0,rainfall,Tipping Bucket Raingauge,mm
3198,52.530102,-1.383041,441950.0,292650.0,,,,,0.0,rainfall,Tipping Bucket Raingauge,mm
E2433,52.296783,-0.670693,490750.0,267350.0,,,,,0.0,rainfall,Tipping Bucket Raingauge,mm
238944TP,51.677024,0.2353259999999999,554650.0,199950.0,,,,,0.0,rainfall,Tipping Bucket Raingauge,mm
286392TP,51.400709,-0.284238,519450.0,168250.0,,,,,0.0,rainfall,Tipping Bucket Raingauge,mm
E46341,52.538018,-0.337559,512850.0,294650.0,,,,,0.0,rainfall,Tipping Bucket Raingauge,mm
E21870,52.684352,0.927128,597950.0,313650.0,,,,,0.4,rainfall,Tipping Bucket Raingauge,mm
078772,53.552738,-1.824111,411750.0,406250.0,,,,,0.0,rainfall,Tipping Bucket Raingauge,mm
588705,54.190769,-3.163942,324150.0,477850.0,,,,,0.0,rainfall,Tipping Bucket Raingauge,mm
50101,50.975364,-4.291091,239250.0,122050.0,,,,,0.0,rainfall,Tipping Bucket Raingauge,mm
1771,52.911156,-2.637129,357250.0,335050.0,,,,,0.0,rainfall,Tipping Bucket Raingauge,mm
48159,50.222785,-5.161963,174550.0,40650.0,,,,,0.0,rainfall,Tipping Bucket Raingauge,mm
085960,53.527019,-1.385249,440850.0,403550.0,,,,,0.0,rainfall,Tipping Bucket Raingauge,mm
046222,53.719928,-0.676248,487450.0,425650.0,,,,,0.0,rainfall,Tipping Bucket Raingauge,mm
000182TP,51.885257,-0.1568689999999999,526950.0,222350.0,,,,,0.0,rainfall,Tipping Bucket Raingauge,mm
47106,50.562235,-4.481386,224350.0,76550.0,,,,,0.0,rainfall,Tipping Bucket Raingauge,mm
271491TP,51.330311,-0.763419,486250.0,159750.0,,,,,0.0,rainfall,Tipping Bucket Raingauge,mm
E8030,50.99015,0.1280609999999999,549450.0,123350.0,,,,,0.0,rainfall,Tipping Bucket Raingauge,mm
E911,51.372501,0.217586,554450.0,166050.0,,,,,0.0,rainfall,Tipping Bucket Raingauge,mm
070365,54.244415,-0.8068400000000001,477850.0,483850.0,,,,,0.0,rainfall,Tipping Bucket Raingauge,mm
025878,54.823818,-1.36572,440850.0,547850.0,,,,,0.0,rainfall,Tipping Bucket Raingauge,mm
E8020,50.91155,0.289494,561050.0,114950.0,,,,,0.0,rainfall,Tipping Bucket Raingauge,mm
E5732,52.124227,0.957474,602550.0,251450.0,,,,,0.0,rainfall,Tipping Bucket Raingauge,mm
270669TP,51.292403,-1.035495,467350.0,155250.0,,,,,0.0,rainfall,Tipping Bucket Raingauge,mm
E24632,52.342401,-0.067451,531750.0,273350.0,,,,,0.0,rainfall,Tipping Bucket Raingauge,mm
49101,50.481782,-4.701312,208450.0,68150.0,,,,,0.0,rainfall,Tipping Bucket Raingauge,mm
45100,51.161592,-3.769689,276350.0,141750.0,,,,,0.0,rainfall,Tipping Bucket Raingauge,mm
50111,51.163435,-3.937101,264650.0,142250.0,,,,,0.0,rainfall,Tipping Bucket Raingauge,mm
47144,50.677206,-4.612016,215550.0,89650.0,,,,,0.0,rainfall,Tipping Bucket Raingauge,mm
E22683,51.971772,0.940138,602050.0,234450.0,,,,,0.0,rainfall,Tipping Bucket Raingauge,mm
E8290,51.434974,-0.3534509999999999,514550.0,171950.0,,,,,0.0,rainfall,Tipping Bucket Raingauge,mm
E24718,52.29472,0.332298,559150.0,268850.0,,,,,0.0,rainfall,Tipping Bucket Raingauge,mm
E5724,53.088074,0.270439,552150.0,356950.0,,,,,0.0,rainfall,Tipping Bucket Raingauge,mm
290578TP,51.367354,0.2044069999999999,553550.0,165450.0,,,,,0.0,rainfall,Tipping Bucket Raingauge,mm
000076TP,51.701508,-0.747539,486650.0,201050.0,,,,,0.0,rainfall,Tipping Bucket Raingauge,mm
44201,50.613852,-1.958246,403050.0,79350.0,,,,,0.0,rainfall,Tipping Bucket Raingauge,mm
3323,53.025808,-1.7233839999999998,418650.0,347650.0,,,,,0.0,rainfall,Tipping Bucket Raingauge,mm
50105,50.703195,-3.977548,260450.0,91150.0,,,,,0.0,rainfall,Tipping Bucket Raingauge,mm
000997,55.58067,-1.645446,422450.0,631950.0,,,,,0.0,rainfall,Tipping Bucket Raingauge,mm
47160,50.877791,-4.488167,225050.0,111650.0,,,,,0.0,rainfall,Tipping Bucket Raingauge,mm
47156,50.700026,-4.056719,254850.0,90950.0,,,,,0.0,rainfall,Tipping Bucket Raingauge,mm
576635,53.774607,-2.703245,353750.0,431150.0,,,,,0.0,rainfall,Tipping Bucket Raingauge,mm
E4850,51.359322,1.403568,637050.0,167750.0,,,,,0.0,rainfall,Tipping Bucket Raingauge,mm
475212_TG_354,52.205774,-2.572843,360950.0,256550.0,,,,,0.0,rainfall,Tipping Bucket Raingauge,mm
1747,52.806646,-2.49764,366550.0,323350.0,,,,,0.0,rainfall,Tipping Bucket Raingauge,mm
E24712,52.016759,-0.4881069999999999,503850.0,236450.0,,,,,0.2,rainfall,Tipping Bucket Raingauge,mm
006077,55.207377,-2.040032,397550.0,590350.0,,,,,0.0,rainfall,Tipping Bucket Raingauge,mm
51124,51.207152,-3.536655,292750.0,146450.0,,,,,0.0,rainfall,Tipping Bucket Raingauge,mm
531179,51.460233,-2.609517,357750.0,173650.0,,,,,0.0,rainfall,Tipping Bucket Raingauge,mm
3096,52.615214,-2.152813,389750.0,301950.0,,,,,0.0,rainfall,Tipping Bucket Raingauge,mm
246726TP,51.610639,-0.3124409999999999,516950.0,191550.0,,,,,0.0,rainfall,Tipping Bucket Raingauge,mm
054371,54.419203,-1.515299,431550.0,502750.0,,,,,0.0,rainfall,Tipping Bucket Raingauge,mm
E8040,50.930862,0.267671,559450.0,117050.0,,,,,0.0,rainfall,Tipping Bucket Raingauge,mm
47164,50.501188,-4.060758,253950.0,68850.0,,,,,0.0,rainfall,Tipping Bucket Raingauge,mm
46151,50.26339,-3.811942,270950.0,41950.0,,,,,0.0,rainfall,Tipping Bucket Raingauge,mm
E2527,52.191056,-1.087854,462450.0,255150.0,,,,,0.0,rainfall,Tipping Bucket Raingauge,mm
3604,53.223303,-1.115505,459150.0,369950.0,,,,,0.0,rainfall,Tipping Bucket Raingauge,mm
E3474,51.322006,1.228535,625050.0,163050.0,,,,,0.0,rainfall,Tipping Bucket Raingauge,mm
E46361,52.939919,-0.043906,531550.0,339850.0,,,,,0.0,rainfall,Tipping Bucket Raingauge,mm
E22335,51.946435,-0.544307,500150.0,228550.0,,,,,0.0,rainfall,Tipping Bucket Raingauge,mm
E3220,51.350566,0.7436200000000001,591150.0,164850.0,,,,,0.0,rainfall,Tipping Bucket Raingauge,mm
46107,50.58221,-3.897607,265750.0,77550.0,,,,,0.0,rainfall,Tipping Bucket Raingauge,mm
E24854,51.623807,0.826545,595750.0,195450.0,,,,,0.0,rainfall,Tipping Bucket Raingauge,mm
45204,50.816541,-3.085152,323650.0,102450.0,,,,,0.0,rainfall,Tipping Bucket Raingauge,mm
237740TP,51.600133,0.2589849999999999,556550.0,191450.0,,,,,0.0,rainfall,Tipping Bucket Raingauge,mm
043533,53.999217,-0.43093,502950.0,457050.0,,,,,0.0,rainfall,Tipping Bucket Raingauge,mm
48102,50.223298,-5.305022,164350.0,41150.0,,,,,0.0,rainfall,Tipping Bucket Raingauge,mm
613905,55.089491,-2.693238,355850.0,577450.0,,,,,0.0,rainfall,Tipping Bucket Raingauge,mm
1086,52.174506,-1.736002,418150.0,252950.0,,,,,0.0,rainfall,Tipping Bucket Raingauge,mm
054604,54.32908,-1.456389,435450.0,492750.0,,,,,0.0,rainfall,Tipping Bucket Raingauge,mm
53113,51.290973,-1.963375,402650.0,154650.0,,,,,0.0,rainfall,Tipping Bucket Raingauge,mm
279941TP,51.396984,-0.540252,501650.0,167450.0,,,,,0.0,rainfall,Tipping Bucket Raingauge,mm
E26212,51.93437,-0.252319,520250.0,227650.0,,,,,0.0,rainfall,Tipping Bucket Raingauge,mm
3347,52.905076,-2.37685,374750.0,334250.0,,,,,0.0,rainfall,Tipping Bucket Raingauge,mm
50109,50.985116,-3.661811,283450.0,121950.0,,,,,0.0,rainfall,Tipping Bucket Raingauge,mm
000180TP,51.618838,0.173236,550550.0,193350.0,,,,,0.0,rainfall,Tipping Bucket Raingauge,mm
45184,50.728619,-3.475599,295950.0,93150.0,,,,,0.0,rainfall,Tipping Bucket Raingauge,mm
569323,53.678587,-2.942358,337850.0,420650.0,,,,,0.0,rainfall,Tipping Bucket Raingauge,mm
000028,53.500289,-1.673575,421750.0,400450.0,,,,,0.0,rainfall,Tipping Bucket Raingauge,mm
E7260,50.8635,0.56711,580750.0,110250.0,,,,,0.0,rainfall,Tipping Bucket Raingauge,mm
45185,51.046267,-3.459994,297750.0,128450.0,,,,,0.0,rainfall,Tipping Bucket Raingauge,mm
582970,54.122231,-2.572947,362650.0,469750.0,,,,,0.0,rainfall,Tipping Bucket Raingauge,mm
E2400,51.096946,0.5443129999999999,578250.0,136150.0,,,,,0.0,rainfall,Tipping Bucket Raingauge,mm
48103,50.1602,-5.114418,177650.0,33550.0,,,,,0.0,rainfall,Tipping Bucket Raingauge,mm
2705SO,50.759531,-0.787028,485650.0,96250.0,,,,,0.0,rainfall,Water,mm
49147,50.391624,-5.071876,181750.0,59150.0,,,,,0.0,rainfall,Tipping Bucket Raingauge,mm
035024NE,54.505434,-0.8455800000000001,474850.0,512850.0,,,,,0.0,rainfall,Tipping Bucket Raingauge,mm
46167,50.592206,-3.717163,278550.0,78350.0,,,,,0.0,rainfall,Tipping Bucket Raingauge,mm
E7190,50.811276,0.2192879999999999,556450.0,103650.0,,,,,0.0,rainfall,Tipping Bucket Raingauge,mm
577794,53.986056,-2.662577,356650.0,454650.0,,,,,0.2,rainfall,Tipping Bucket Raingauge,mm
588886,54.136092,-3.238939,319150.0,471850.0,,,,,0.0,rainfall,Tipping Bucket Raingauge,mm
305111,51.098221,1.155768,621050.0,137950.0,,,,,0.0,rainfall,Tipping Bucket Raingauge,mm
558844,53.49079,-1.883147,407850.0,399350.0,,,,,0.0,rainfall,Tipping Bucket Raingauge,mm
604742,54.670137,-2.788412,349250.0,530850.0,,,,,0.2,rainfall,Tipping Bucket Raingauge,mm
46168,50.680022,-3.738768,277250.0,88150.0,,,,,0.0,rainfall,Tipping Bucket Raingauge,mm
3642,52.762972,-1.234524,451750.0,318650.0,,,,,0.0,rainfall,Tipping Bucket Raingauge,mm
562992_,53.535499,-2.263235,382650.0,404350.0,,,,,0.0,rainfall,Tipping Bucket Raingauge,mm
510001,51.838464,0.162023,549050.0,217750.0,,,,,0.0,rainfall,Tipping Bucket Raingauge,mm
46169,50.516559,-3.841369,269550.0,70150.0,,,,,0.0,rainfall,Tipping Bucket Raingauge,mm
45186,50.67998,-3.408962,300550.0,87650.0,,,,,0.0,rainfall,Tipping Bucket Raingauge,mm
301666,51.131926,0.967934,607750.0,141150.0,,,,,0.0,rainfall,Tipping Bucket Raingauge,mm
E2561,52.310724,-0.8888389999999999,475850.0,268650.0,,,,,0.0,rainfall,Tipping Bucket Raingauge,mm
E21326,52.428551,-0.353448,512050.0,282450.0,,,,,0.0,rainfall,Tipping Bucket Raingauge,mm
E22268,52.041145,0.142627,547050.0,240250.0,,,,,0.0,rainfall,Tipping Bucket Raingauge,mm
1023SE,51.294661,1.108973,616850.0,159650.0,,,,,0.0,rainfall,Tipping Bucket Raingauge,mm
593362,54.614148,-3.157414,325350.0,524950.0,,,,,0.0,rainfall,Tipping Bucket Raingauge,mm
0744SE,51.266892,0.8576269999999999,599450.0,155850.0,,,,,0.0,rainfall,Tipping Bucket Raingauge,mm
579623,54.01325,-2.77441,349350.0,457750.0,,,,,0.0,rainfall,Tipping Bucket Raingauge,mm
45268,50.701123,-3.117886,321150.0,89650.0,,,,,0.0,rainfall,Tipping Bucket Raingauge,mm
0925SE,51.207877,1.383789,636450.0,150850.0,,,,,0.0,rainfall,Tipping Bucket Raingauge,mm
0924SE,51.251014,1.322456,631950.0,155450.0,,,,,0.0,rainfall,Tipping Bucket Raingauge,mm
563170,53.53478,-2.162144,389350.0,404250.0,,,,,0.0,rainfall,Tipping Bucket Raingauge,mm
1822SO,50.811276,0.2192879999999999,556450.0,103650.0,,,,,0.0,rainfall,Tipping Bucket Raingauge,mm
582191,54.144383,-2.433946,371750.0,472150.0,,,,,0.2,rainfall,Tipping Bucket Raingauge,mm
EdgeH1,53.560463,-2.873303,342250.0,407450.0,,,,,0.0,rainfall,Tipping Bucket Raingauge,mm
019271,55.033344,-1.614307,424750.0,571050.0,,,,,0.0,rainfall,Tipping Bucket Raingauge,mm
E42297,52.061887,0.5462819999999999,574650.0,243450.0,,,,,0.0,rainfall,Tipping Bucket Raingauge,mm
1930,52.080849,-2.563945,361450.0,242650.0,,,,,0.0,rainfall,Tipping Bucket Raingauge,mm
294323,51.206865,0.129446,548850.0,147450.0,,,,,0.0,rainfall,Water,mm
604142,54.889007,-2.708497,354650.0,555150.0,,,,,0.0,rainfall,Tipping Bucket Raingauge,mm
017220,55.01952,-1.881881,407650.0,569450.0,,,,,0.0,rainfall,Tipping Bucket Raingauge,mm
380002TP,51.571638,-0.289354,518650.0,187250.0,,,,,0.0,rainfall,Tipping Bucket Raingauge,mm
463589,51.758734,-2.612081,357850.0,206850.0,,,,,0.0,rainfall,Tipping Bucket Raingauge,mm
E25173,52.703292,0.697456,582350.0,315150.0,,,,,0.0,rainfall,Tipping Bucket Raingauge,mm
E48676,52.307124,1.153055,615050.0,272350.0,,,,,0.0,rainfall,Tipping Bucket Raingauge,mm
NelsonGC,53.820527,-2.210336,386250.0,436050.0,,,,,0.0,rainfall,Tipping Bucket Raingauge,mm
585122,54.406987,-2.892739,342150.0,501650.0,,,,,0.2,rainfall,Tipping Bucket Raingauge,mm
0323SO,51.246536,0.022379,541250.0,151650.0,,,,,0.0,rainfall,Tipping Bucket Raingauge,mm
340767,50.968137,-1.918056,405850.0,118750.0,,,,,0.0,rainfall,Tipping Bucket Raingauge,mm
E82080,50.391314,-3.739437,276450.0,56050.0,,,,,0.0,rainfall,Tipping Bucket Raingauge,mm
E84360,50.799653,-3.737529,277650.0,101450.0,,,,,0.0,rainfall,Tipping Bucket Raingauge,mm
E82040,50.686641,-3.300157,308250.0,88250.0,,,,,0.0,rainfall,Tipping Bucket Raingauge,mm
E82120,51.116609,-3.940857,264250.0,137050.0,,,,,0.0,rainfall,Tipping Bucket Raingauge,mm
574786,53.823309,-2.154144,389950.0,436350.0,,,,,0.3,rainfall,Tipping Bucket Raingauge,mm
015313,55.010561,-2.08518,394650.0,568450.0,,,,,0.2,rainfall,Tipping Bucket Raingauge,mm
3339,52.55502,-1.878268,408350.0,295250.0,,,,,0.0,rainfall,Tipping Bucket Raingauge,mm
Not_Specified,51.514481,0.72348,589070.0,183023.0,,,,,0.0,rainfall,1,mm
575092,53.742978,-2.323663,378750.0,427450.0,,,,,0.0,rainfall,Tipping Bucket Raingauge,mm
585160,54.440718,-2.825629,346550.0,505350.0,,,,,0.6,rainfall,Tipping Bucket Raingauge,mm
14880,50.671665,-1.399223,442550.0,85950.0,,,,,0.0,rainfall,Water,mm
E82920,50.598409,-3.460219,296750.0,78650.0,,,,,0.0,rainfall,1,mm
E82960,50.475407,-3.581856,287850.0,65150.0,,,,,0.0,rainfall,1,mm
1775,52.27751,-1.599081,427450.0,264450.0,,,,,0.0,rainfall,Tipping Bucket Raingauge,mm
E84540,51.134635,-4.240361,243350.0,139650.0,,,,,0.0,rainfall,Tipping Bucket Raingauge,mm
E84500,51.195117,-3.978505,261850.0,145850.0,,,,,0.0,rainfall,Tipping Bucket Raingauge,mm
E85220,51.281519,-3.258099,312350.0,154350.0,,,,,0.0,rainfall,Tipping Bucket Raingauge,mm
1772,51.793782,-2.615455,357650.0,210750.0,,,,,0.0,rainfall,Tipping Bucket Raingauge,mm
592850,54.532336,-3.062374,331350.0,515750.0,,,,,0.0,rainfall,Tipping Bucket Raingauge,mm
075497,53.815189,-1.823015,411750.0,435450.0,,,,,0.1,rainfall,Tipping Bucket Raingauge,mm
540001RG,51.527809,0.085279,544750.0,183050.0,,,,,0.0,rainfall,Tipping Bucket Raingauge,mm
588006,54.378286,-3.103039,328450.0,498650.0,,,,,0.2,rainfall,Tipping Bucket Raingauge,mm
Egerton1,53.636515,-2.448375,370450.0,415650.0,,,,,0.0,rainfall,Tipping Bucket Raingauge,mm
605324,54.583702,-3.237013,320150.0,521650.0,,,,,0.0,rainfall,Tipping Bucket Raingauge,mm
E60880,51.164146,-1.894828,407450.0,140550.0,,,,,0.0,rainfall,Tipping Bucket Raingauge,mm
E82840,50.359071,-4.639498,212350.0,54350.0,,,,,0.0,rainfall,Tipping Bucket Raingauge,mm
