stationReference,latestReading,parameter,qualifier,unitName
E7050,0.0,rainfall,Tipping Bucket Raingauge,mm
4163,,rainfall,Tipping Bucket Raingauge,mm
E1310,,rainfall,Tipping Bucket Raingauge,mm
3680,0.0,rainfall,Tipping Bucket Raingauge,mm
3275,0.0,rainfall,Tipping Bucket Raingauge,mm
3167,0.0,rainfall,Tipping Bucket Raingauge,mm
3307,0.0,rainfall,Tipping Bucket Raingauge,mm
3404,0.0,rainfall,Tipping Bucket Raingauge,mm
3014,0.0,rainfall,Tipping Bucket Raingauge,mm
3901,0.0,rainfall,Tipping Bucket Raingauge,mm
3999,0.0,rainfall,Tipping Bucket Raingauge,mm
1412,0.0,rainfall,Tipping Bucket Raingauge,mm
0,,rainfall,Tipping Bucket Raingauge,mm
E13600,0.0,rainfall,Tipping Bucket Raingauge,mm
242534TP,0.0,rainfall,Tipping Bucket Raingauge,mm
E8520,0.0,rainfall,Tipping Bucket Raingauge,mm
276316TP,0.0,rainfall,Tipping Bucket Raingauge,mm
E10130,0.0,rainfall,Tipping Bucket Raingauge,mm
E24238,0.0,rainfall,Tipping Bucket Raingauge,mm
E10510,0.0,rainfall,Tipping Bucket Raingauge,mm
000181TP,0.0,rainfall,Tipping Bucket Raingauge,mm
238605TP,0.0,rainfall,Tipping Bucket Raingauge,mm
52210,0.0,rainfall,Tipping Bucket Raingauge,mm
47161,0.0,rainfall,Tipping Bucket Raingauge,mm
E1039,0.0,rainfall,Tipping Bucket Raingauge,mm
E8770,0.0,rainfall,Tipping Bucket Raingauge,mm
244569TP,0.0,rainfall,Tipping Bucket Raingauge,mm
595273,0.0,rainfall,Tipping Bucket Raingauge,mm
46104,0.0,rainfall,Tipping Bucket Raingauge,mm
077066,0.0,rainfall,Tipping Bucket Raingauge,mm
E24195,0.0,rainfall,Tipping Bucket Raingauge,mm
000900,0.0,rainfall,Tipping Bucket Raingauge,mm
038179,0.0,rainfall,Tipping Bucket Raingauge,mm
242819TP,0.0,rainfall,Tipping Bucket Raingauge,mm
1113,0.0,rainfall,Tipping Bucket Raingauge,mm
43202,0.0,rainfall,Tipping Bucket Raingauge,mm
48148,0.0,rainfall,Tipping Bucket Raingauge,mm
037292,0.0,rainfall,Tipping Bucket Raingauge,mm
086575,0.0,rainfall,Tipping Bucket Raingauge,mm
E1179,0.0,rainfall,Tipping Bucket Raingauge,mm
E4753,0.0,rainfall,Tipping Bucket Raingauge,mm
E24847,0.0,rainfall,Tipping Bucket Raingauge,mm
3173,0.0,rainfall,Tipping Bucket Raingauge,mm
082732,0.0,rainfall,Tipping Bucket Raingauge,mm
E4500,0.0,rainfall,Tipping Bucket Raingauge,mm
VCHURCH-T_TG_341,,rainfall,Tipping Bucket Raingauge,mm
52100,0.0,rainfall,Tipping Bucket Raingauge,mm
E46612,0.0,rainfall,Tipping Bucket Raingauge,mm
040752,0.0,rainfall,Tipping Bucket Raingauge,mm
267661TP,0.0,rainfall,Tipping Bucket Raingauge,mm
074108,0.2,rainfall,Tipping Bucket Raingauge,mm
241961TP,0.0,rainfall,Tipping Bucket Raingauge,mm
1117,,rainfall,Tipping Bucket Raingauge,mm
45232,0.0,rainfall,Tipping Bucket Raingauge,mm
48199,0.0,rainfall,Tipping Bucket Raingauge,mm
E7055,0.0,rainfall,Tipping Bucket Raingauge,mm
E7045,0.0,rainfall,Tipping Bucket Raingauge,mm
44200,0.0,rainfall,Tipping Bucket Raingauge,mm
058461,0.2,rainfall,Tipping Bucket Raingauge,mm
E4530,0.0,rainfall,Tipping Bucket Raingauge,mm
1339,0.0,rainfall,Tipping Bucket Raingauge,mm
564769,,rainfall,Tipping Bucket Raingauge,---
43228,0.0,rainfall,Tipping Bucket Raingauge,mm
E22255,,rainfall,Tipping Bucket Raingauge,mm
E23717,0.0,rainfall,Tipping Bucket Raingauge,mm
921083,0.0,rainfall,Tipping Bucket Raingauge,mm
47101,0.0,rainfall,Tipping Bucket Raingauge,mm
300874,0.0,rainfall,Tipping Bucket Raingauge,mm
3602,0.0,rainfall,Tipping Bucket Raingauge,mm
49171,0.0,rainfall,Tipping Bucket Raingauge,mm
45101,,rainfall,Tipping Bucket Raingauge,mm
E9340,0.0,rainfall,Tipping Bucket Raingauge,mm
E45871,0.0,rainfall,Tipping Bucket Raingauge,mm
43102,0.0,rainfall,Tipping Bucket Raingauge,mm
3015,0.0,rainfall,Tipping Bucket Raingauge,mm
47167,0.0,rainfall,Tipping Bucket Raingauge,mm
277407TP,0.0,rainfall,Tipping Bucket Raingauge,mm
E1815,0.0,rainfall,Tipping Bucket Raingauge,mm
270400TP,,rainfall,Tipping Bucket Raingauge,mm
E44121,0.0,rainfall,Tipping Bucket Raingauge,mm
47105,0.0,rainfall,Tipping Bucket Raingauge,mm
E44111,0.0,rainfall,Tipping Bucket Raingauge,mm
E24289,0.0,rainfall,Tipping Bucket Raingauge,mm
49149,0.0,rainfall,Tipping Bucket Raingauge,mm
E871,0.0,rainfall,Tipping Bucket Raingauge,mm
1201,0.0,rainfall,Tipping Bucket Raingauge,mm
E7155,0.0,rainfall,Tipping Bucket Raingauge,mm
E12560,0.0,rainfall,Tipping Bucket Raingauge,mm
082672,0.0,rainfall,Tipping Bucket Raingauge,mm
52224,0.0,rainfall,Tipping Bucket Raingauge,mm
E24935,0.0,rainfall,Tipping Bucket Raingauge,mm
E45881,0.0,rainfall,Tipping Bucket Raingauge,mm
51127,0.0,rainfall,Tipping Bucket Raingauge,mm
1814,0.0,rainfall,Tipping Bucket Raingauge,mm
264845TP,0.0,rainfall,Tipping Bucket Raingauge,mm
063518,0.0,rainfall,Tipping Bucket Raingauge,mm
48100,0.0,rainfall,Tipping Bucket Raingauge,mm
282781TP,0.0,rainfall,Tipping Bucket Raingauge,mm
E1971,0.0,rainfall,Tipping Bucket Raingauge,mm
274918TP,0.0,rainfall,Tipping Bucket Raingauge,mm
531178,0.0,rainfall,Tipping Bucket Raingauge,mm
52228,0.0,rainfall,Tipping Bucket Raingauge,mm
48106,0.0,rainfall,Tipping Bucket Raingauge,mm
48192,0.0,rainfall,Tipping Bucket Raingauge,mm
1331,0.0,rainfall,Tipping Bucket Raingauge,mm
055223,,rainfall,Tipping Bucket Raingauge,mm
551706,0.0,rainfall,Tipping Bucket Raingauge,mm
45230,0.0,rainfall,Tipping Bucket Raingauge,mm
3687,0.0,rainfall,Tipping Bucket Raingauge,mm
051250,0.6,rainfall,Tipping Bucket Raingauge,mm
3165,0.0,rainfall,Tipping Bucket Raingauge,mm
260221TP,0.0,rainfall,Tipping Bucket Raingauge,mm
E15720,0.0,rainfall,Water,mm
52102,0.0,rainfall,Tipping Bucket Raingauge,mm
074329,0.4,rainfall,Tipping Bucket Raingauge,mm
E15520,,rainfall,Tipping Bucket Raingauge,mm
E1965,,rainfall,Tipping Bucket Raingauge,mm
E15510,0.0,rainfall,Tipping Bucket Raingauge,mm
598928,0.0,rainfall,Tipping Bucket Raingauge,mm
43200,0.0,rainfall,Tipping Bucket Raingauge,mm
1712,0.0,rainfall,Tipping Bucket Raingauge,mm
287283TP,0.0,rainfall,Tipping Bucket Raingauge,mm
3782,0.0,rainfall,Tipping Bucket Raingauge,mm
3588,0.0,rainfall,Tipping Bucket Raingauge,mm
3572,0.0,rainfall,Tipping Bucket Raingauge,mm
251530TP,0.0,rainfall,Tipping Bucket Raingauge,mm
E10450,0.0,rainfall,Tipping Bucket Raingauge,mm
E3240,0.0,rainfall,Tipping Bucket Raingauge,mm
591642,0.0,rainfall,Tipping Bucket Raingauge,mm
E7295,0.0,rainfall,Tipping Bucket Raingauge,mm
49102,0.0,rainfall,Tipping Bucket Raingauge,mm
E1613,0.0,rainfall,Tipping Bucket Raingauge,mm
E7095,0.0,rainfall,Tipping Bucket Raingauge,mm
E24874,0.0,rainfall,Tipping Bucket Raingauge,mm
268851TP,0.0,rainfall,Tipping Bucket Raingauge,mm
247281TP,0.0,rainfall,Tipping Bucket Raingauge,mm
006403,0.0,rainfall,Tipping Bucket Raingauge,mm
1773,0.0,rainfall,Tipping Bucket Raingauge,mm
008850,0.4,rainfall,Tipping Bucket Raingauge,mm
013045,0.6,rainfall,Tipping Bucket Raingauge,mm
E14930,0.0,rainfall,Tipping Bucket Raingauge,mm
1748,0.0,rainfall,Tipping Bucket Raingauge,mm
035302,0.0,rainfall,Tipping Bucket Raingauge,mm
E11120,0.0,rainfall,Tipping Bucket Raingauge,mm
1387,0.0,rainfall,Tipping Bucket Raingauge,mm
077952,0.2,rainfall,Tipping Bucket Raingauge,mm
3998,0.0,rainfall,Tipping Bucket Raingauge,mm
E24894,0.0,rainfall,Tipping Bucket Raingauge,mm
554472,0.0,rainfall,Tipping Bucket Raingauge,mm
026297,0.0,rainfall,Tipping Bucket Raingauge,mm
591878,0.0,rainfall,Tipping Bucket Raingauge,mm
1812,0.0,rainfall,Tipping Bucket Raingauge,mm
552376,0.0,rainfall,Tipping Bucket Raingauge,mm
077800,0.0,rainfall,Tipping Bucket Raingauge,mm
013336,0.0,rainfall,Tipping Bucket Raingauge,mm
47113,0.0,rainfall,Tipping Bucket Raingauge,mm
45108,0.0,rainfall,Tipping Bucket Raingauge,mm
E6270,0.0,rainfall,Tipping Bucket Raingauge,mm
3610,0.0,rainfall,Tipping Bucket Raingauge,mm
E11060,0.0,rainfall,Tipping Bucket Raingauge,mm
E24763,0.0,rainfall,Tipping Bucket Raingauge,mm
583948,0.0,rainfall,Tipping Bucket Raingauge,mm
47168,0.0,rainfall,Tipping Bucket Raingauge,mm
47158,0.0,rainfall,Tipping Bucket Raingauge,mm
51125,0.0,rainfall,Tipping Bucket Raingauge,mm
E7780,0.0,rainfall,Tipping Bucket Raingauge,mm
43104,0.0,rainfall,Tipping Bucket Raingauge,mm
248332TP,0.0,rainfall,Tipping Bucket Raingauge,mm
3816,0.0,rainfall,Tipping Bucket Raingauge,mm
031555,0.0,rainfall,Tipping Bucket Raingauge,mm
E1320,0.0,rainfall,Tipping Bucket Raingauge,mm
46100,0.0,rainfall,Tipping Bucket Raingauge,mm
3686,0.0,rainfall,Tipping Bucket Raingauge,mm
553564,,rainfall,Tipping Bucket Raingauge,---
45164,0.0,rainfall,Tipping Bucket Raingauge,mm
53159,0.0,rainfall,Tipping Bucket Raingauge,mm
057426,0.2,rainfall,Tipping Bucket Raingauge,mm
E2493,0.0,rainfall,Tipping Bucket Raingauge,mm
239374TP,0.0,rainfall,Tipping Bucket Raingauge,mm
3099,0.0,rainfall,Tipping Bucket Raingauge,mm
077836,0.0,rainfall,Tipping Bucket Raingauge,mm
078530,0.0,rainfall,Tipping Bucket Raingauge,mm
600683,0.0,rainfall,Tipping Bucket Raingauge,mm
E11480,0.0,rainfall,Tipping Bucket Raingauge,mm
074924,0.2,rainfall,Tipping Bucket Raingauge,mm
E11470,0.0,rainfall,Tipping Bucket Raingauge,mm
000008,0.0,rainfall,Tipping Bucket Raingauge,mm
E21018,0.0,rainfall,Tipping Bucket Raingauge,mm
48180,0.0,rainfall,Tipping Bucket Raingauge,mm
570099,0.0,rainfall,Tipping Bucket Raingauge,mm
E5640,0.0,rainfall,Tipping Bucket Raingauge,mm
E24863,0.0,rainfall,Tipping Bucket Raingauge,mm
254829TP,0.0,rainfall,Tipping Bucket Raingauge,mm
3580,0.0,rainfall,Tipping Bucket Raingauge,mm
E27594,0.0,rainfall,Tipping Bucket Raingauge,mm
50112,0.0,rainfall,Tipping Bucket Raingauge,mm
564595,0.0,rainfall,Tipping Bucket Raingauge,mm
049902,0.0,rainfall,Tipping Bucket Raingauge,mm
E1290,0.0,rainfall,Tipping Bucket Raingauge,mm
3570,0.0,rainfall,Tipping Bucket Raingauge,mm
1792,0.0,rainfall,Tipping Bucket Raingauge,mm
008632,,rainfall,Tipping Bucket Raingauge,mm
E14893,0.0,rainfall,Tipping Bucket Raingauge,mm
E4510,0.0,rainfall,Tipping Bucket Raingauge,mm
E4520,0.0,rainfall,Tipping Bucket Raingauge,mm
005782,0.0,rainfall,Tipping Bucket Raingauge,mm
E41311,0.0,rainfall,Tipping Bucket Raingauge,mm
E2331,0.0,rainfall,Tipping Bucket Raingauge,mm
920359,0.0,rainfall,Tipping Bucket Raingauge,mm
1119,0.0,rainfall,Tipping Bucket Raingauge,mm
030377,0.0,rainfall,Tipping Bucket Raingauge,mm
E27601,0.0,rainfall,Tipping Bucket Raingauge,mm
3179,0.0,rainfall,Tipping Bucket Raingauge,mm
49151,0.0,rainfall,Tipping Bucket Raingauge,mm
238777TP,0.0,rainfall,Tipping Bucket Raingauge,mm
083534,0.0,rainfall,Tipping Bucket Raingauge,mm
3996,0.0,rainfall,Tipping Bucket Raingauge,mm
47157,0.0,rainfall,Tipping Bucket Raingauge,mm
559586,0.0,rainfall,Tipping Bucket Raingauge,mm
E25041,0.0,rainfall,Tipping Bucket Raingauge,mm
037973,0.0,rainfall,Tipping Bucket Raingauge,mm
E9360,0.0,rainfall,Tipping Bucket Raingauge,mm
E9350,0.0,rainfall,Tipping Bucket Raingauge,mm
248965TP,0.0,rainfall,Tipping Bucket Raingauge,mm
3860,0.0,rainfall,Tipping Bucket Raingauge,mm
000032,,rainfall,Tipping Bucket Raingauge,mm
587552,,rainfall,Tipping Bucket Raingauge,---
E7135,0.0,rainfall,Tipping Bucket Raingauge,mm
E2420,0.0,rainfall,Tipping Bucket Raingauge,mm
E11820,0.0,rainfall,Tipping Bucket Raingauge,mm
062046,0.0,rainfall,Tipping Bucket Raingauge,mm
44215,0.0,rainfall,Tipping Bucket Raingauge,mm
E24925,0.0,rainfall,Tipping Bucket Raingauge,mm
3057,0.0,rainfall,Tipping Bucket Raingauge,mm
E23633,0.0,rainfall,Tipping Bucket Raingauge,mm
1413,0.0,rainfall,Tipping Bucket Raingauge,mm
559100R,,rainfall,Tipping Bucket Raingauge,---
531172,0.0,rainfall,Tipping Bucket Raingauge,mm
E2416,0.0,rainfall,Tipping Bucket Raingauge,mm
E24957,0.0,rainfall,Tipping Bucket Raingauge,mm
E24947,0.0,rainfall,Tipping Bucket Raingauge,mm
E24790,0.0,rainfall,Tipping Bucket Raingauge,mm
E7165,0.0,rainfall,Tipping Bucket Raingauge,mm
53115,0.0,rainfall,Tipping Bucket Raingauge,mm
E9290,0.0,rainfall,Tipping Bucket Raingauge,mm
48182,0.0,rainfall,Tipping Bucket Raingauge,mm
570231,0.0,rainfall,Tipping Bucket Raingauge,mm
1082,0.0,rainfall,Tipping Bucket Raingauge,mm
1121,0.0,rainfall,Tipping Bucket Raingauge,mm
261021TP,0.0,rainfall,Tipping Bucket Raingauge,mm
1770,0.0,rainfall,Tipping Bucket Raingauge,mm
602253,0.0,rainfall,Tipping Bucket Raingauge,mm
288504TP,0.0,rainfall,Tipping Bucket Raingauge,mm
269627TP,0.0,rainfall,Tipping Bucket Raingauge,mm
596791,0.0,rainfall,Tipping Bucket Raingauge,mm
259110TP,0.0,rainfall,Tipping Bucket Raingauge,mm
E15500,0.0,rainfall,Tipping Bucket Raingauge,mm
564160,0.0,rainfall,Tipping Bucket Raingauge,mm
1760,0.0,rainfall,Tipping Bucket Raingauge,mm
E7420,0.0,rainfall,Tipping Bucket Raingauge,mm
569848,0.0,rainfall,Tipping Bucket Raingauge,mm
E5451,0.2,rainfall,Tipping Bucket Raingauge,mm
E13980,0.0,rainfall,Tipping Bucket Raingauge,mm
003232,0.0,rainfall,Tipping Bucket Raingauge,mm
2321SO,0.0,rainfall,Tipping Bucket Raingauge,mm
3185,0.0,rainfall,Tipping Bucket Raingauge,mm
E2510,0.0,rainfall,Tipping Bucket Raingauge,mm
023839,0.0,rainfall,Tipping Bucket Raingauge,mm
3774,0.0,rainfall,Tipping Bucket Raingauge,mm
E23535,,rainfall,Tipping Bucket Raingauge,mm
239258TP,0.0,rainfall,Tipping Bucket Raingauge,mm
E12821,0.0,rainfall,Tipping Bucket Raingauge,mm
490001TP,0.0,rainfall,Tipping Bucket Raingauge,mm
593893,0.2,rainfall,Tipping Bucket Raingauge,mm
E14900,0.0,rainfall,Tipping Bucket Raingauge,mm
43206,0.0,rainfall,Tipping Bucket Raingauge,mm
019356,,rainfall,Tipping Bucket Raingauge,mm
E22283,0.0,rainfall,Tipping Bucket Raingauge,mm
026644,0.0,rainfall,Tipping Bucket Raingauge,mm
3778,0.0,rainfall,Tipping Bucket Raingauge,mm
E24884,0.0,rainfall,Tipping Bucket Raingauge,mm
1793,0.0,rainfall,Tipping Bucket Raingauge,mm
53110,0.0,rainfall,Tipping Bucket Raingauge,mm
53100,0.0,rainfall,Tipping Bucket Raingauge,mm
E24703,0.0,rainfall,Tipping Bucket Raingauge,mm
015347,0.2,rainfall,Tipping Bucket Raingauge,mm
036225,0.0,rainfall,Tipping Bucket Raingauge,mm
52148,0.0,rainfall,Tipping Bucket Raingauge,mm
571479,0.1,rainfall,Tipping Bucket Raingauge,mm
52203,0.0,rainfall,Tipping Bucket Raingauge,mm
531101,0.0,rainfall,Tipping Bucket Raingauge,mm
1602,0.0,rainfall,Tipping Bucket Raingauge,mm
E25033,0.0,rainfall,Tipping Bucket Raingauge,mm
008062,0.0,rainfall,Tipping Bucket Raingauge,mm
47155,0.4,rainfall,Tipping Bucket Raingauge,mm
E37241,0.4,rainfall,Tipping Bucket Raingauge,mm
E37051,0.0,rainfall,Tipping Bucket Raingauge,mm
249744TP,0.0,rainfall,Tipping Bucket Raingauge,mm
E43041,,rainfall,Tipping Bucket Raingauge,mm
53114,0.0,rainfall,Tipping Bucket Raingauge,mm
033108NE,0.0,rainfall,Tipping Bucket Raingauge,mm
53104,0.0,rainfall,Tipping Bucket Raingauge,mm
E13261,0.0,rainfall,Tipping Bucket Raingauge,mm
50199,0.0,rainfall,Tipping Bucket Raingauge,mm
47159,0.0,rainfall,Tipping Bucket Raingauge,mm
036487,0.0,rainfall,Tipping Bucket Raingauge,mm
E24913,0.0,rainfall,Tipping Bucket Raingauge,mm
E11080,0.0,rainfall,Tipping Bucket Raingauge,mm
592860,0.2,rainfall,Tipping Bucket Raingauge,mm
586056,0.2,rainfall,Tipping Bucket Raingauge,mm
3688,0.0,rainfall,Tipping Bucket Raingauge,mm
53109,0.0,rainfall,Tipping Bucket Raingauge,mm
E21234,0.0,rainfall,Tipping Bucket Raingauge,mm
E24506,0.0,rainfall,Tipping Bucket Raingauge,mm
266474TP,0.0,rainfall,Tipping Bucket Raingauge,mm
48170,0.0,rainfall,Tipping Bucket Raingauge,mm
E37151,0.0,rainfall,Tipping Bucket Raingauge,mm
028185,0.0,rainfall,Tipping Bucket Raingauge,mm
46106,0.0,rainfall,Tipping Bucket Raingauge,mm
246424TP,0.0,rainfall,Tipping Bucket Raingauge,mm
44101,0.0,rainfall,Tipping Bucket Raingauge,mm
003066,0.2,rainfall,Tipping Bucket Raingauge,mm
1687,0.0,rainfall,Tipping Bucket Raingauge,mm
43204,0.0,rainfall,Tipping Bucket Raingauge,mm
3766,0.0,rainfall,Tipping Bucket Raingauge,mm
3576,0.0,rainfall,Tipping Bucket Raingauge,mm
E5670,0.0,rainfall,Tipping Bucket Raingauge,mm
281186TP,0.0,rainfall,Tipping Bucket Raingauge,mm
E5660,0.0,rainfall,Tipping Bucket Raingauge,mm
577805,,rainfall,Tipping Bucket Raingauge,mm
581159,0.0,rainfall,Tipping Bucket Raingauge,mm
1335,0.0,rainfall,Tipping Bucket Raingauge,mm
251556TP,0.0,rainfall,Tipping Bucket Raingauge,mm
041238,0.0,rainfall,Tipping Bucket Raingauge,mm
E22205,0.0,rainfall,Tipping Bucket Raingauge,mm
060947,0.6,rainfall,Tipping Bucket Raingauge,mm
50106,0.0,rainfall,Tipping Bucket Raingauge,mm
E160,0.0,rainfall,Tipping Bucket Raingauge,mm
000075TP,0.0,rainfall,Tipping Bucket Raingauge,mm
598691,0.0,rainfall,Tipping Bucket Raingauge,mm
085322,0.0,rainfall,Tipping Bucket Raingauge,mm
52201,0.0,rainfall,Tipping Bucket Raingauge,mm
253861TP,0.0,rainfall,Tipping Bucket Raingauge,mm
E45811,0.0,rainfall,Tipping Bucket Raingauge,mm
E37291,0.0,rainfall,Tipping Bucket Raingauge,mm
E6280,0.0,rainfall,Tipping Bucket Raingauge,mm
E24751,0.0,rainfall,Tipping Bucket Raingauge,mm
578009,0.0,rainfall,Tipping Bucket Raingauge,mm
E44101,0.0,rainfall,Tipping Bucket Raingauge,mm
50187,0.0,rainfall,Tipping Bucket Raingauge,mm
E46161,0.0,rainfall,Tipping Bucket Raingauge,mm
036704,0.0,rainfall,Tipping Bucket Raingauge,mm
45168,0.0,rainfall,Tipping Bucket Raingauge,mm
265415TP,0.0,rainfall,Tipping Bucket Raingauge,mm
44100,0.0,rainfall,Tipping Bucket Raingauge,mm
E42971,0.0,rainfall,Tipping Bucket Raingauge,mm
46160,0.0,rainfall,Tipping Bucket Raingauge,mm
567866,0.0,rainfall,Tipping Bucket Raingauge,mm
531108,0.0,rainfall,Tipping Bucket Raingauge,mm
018777,0.0,rainfall,Tipping Bucket Raingauge,mm
077256,0.4,rainfall,Tipping Bucket Raingauge,mm
E21288,0.0,rainfall,Tipping Bucket Raingauge,mm
577417,0.0,rainfall,Tipping Bucket Raingauge,mm
276956TP,0.0,rainfall,Tipping Bucket Raingauge,mm
035488,0.0,rainfall,Tipping Bucket Raingauge,mm
45236,0.0,rainfall,Tipping Bucket Raingauge,mm
E7065,0.2,rainfall,Tipping Bucket Raingauge,mm
E4540,0.0,rainfall,Tipping Bucket Raingauge,mm
46108,0.0,rainfall,Tipping Bucket Raingauge,mm
E22876,,rainfall,Tipping Bucket Raingauge,mm
44103,0.0,rainfall,Tipping Bucket Raingauge,mm
256230TP,0.0,rainfall,Tipping Bucket Raingauge,mm
274178TP,0.0,rainfall,Tipping Bucket Raingauge,mm
E2365,0.0,rainfall,Tipping Bucket Raingauge,mm
3652,0.0,rainfall,Tipping Bucket Raingauge,mm
596026,,rainfall,Tipping Bucket Raingauge,---
E11040,0.0,rainfall,Tipping Bucket Raingauge,mm
E14910,0.0,rainfall,Tipping Bucket Raingauge,mm
E12580,0.0,rainfall,Tipping Bucket Raingauge,mm
000102TP,,rainfall,Tipping Bucket Raingauge,mm
041917,0.0,rainfall,Tipping Bucket Raingauge,mm
3616,0.0,rainfall,Tipping Bucket Raingauge,mm
52222,0.0,rainfall,Tipping Bucket Raingauge,mm
056505,0.0,rainfall,Tipping Bucket Raingauge,mm
240350TP,0.0,rainfall,Tipping Bucket Raingauge,mm
278744TP,0.0,rainfall,Tipping Bucket Raingauge,mm
E2463,0.0,rainfall,Tipping Bucket Raingauge,mm
E5727,0.0,rainfall,Tipping Bucket Raingauge,mm
601304,0.2,rainfall,Tipping Bucket Raingauge,mm
E22231,,rainfall,Tipping Bucket Raingauge,mm
026958,0.0,rainfall,Tipping Bucket Raingauge,mm
E24879,0.0,rainfall,Tipping Bucket Raingauge,mm
240201TP,0.0,rainfall,Tipping Bucket Raingauge,mm
47163,0.0,rainfall,Tipping Bucket Raingauge,mm
1165,0.0,rainfall,Tipping Bucket Raingauge,mm
1155,0.0,rainfall,Tipping Bucket Raingauge,mm
49106,,rainfall,Tipping Bucket Raingauge,mm
280826TP,0.0,rainfall,Tipping Bucket Raingauge,mm
561299,0.0,rainfall,Tipping Bucket Raingauge,mm
560943,0.0,rainfall,Tipping Bucket Raingauge,mm
E37081,0.0,rainfall,Tipping Bucket Raingauge,mm
45102,0.0,rainfall,Tipping Bucket Raingauge,mm
023164,0.0,rainfall,Tipping Bucket Raingauge,mm
49105,0.0,rainfall,Tipping Bucket Raingauge,mm
016140,0.0,rainfall,Tipping Bucket Raingauge,mm
E25051,0.0,rainfall,Tipping Bucket Raingauge,mm
287864TP,0.0,rainfall,Tipping Bucket Raingauge,mm
45158,0.0,rainfall,Tipping Bucket Raingauge,mm
E802,0.0,rainfall,Tipping Bucket Raingauge,mm
E24901,0.0,rainfall,Tipping Bucket Raingauge,mm
025394,0.0,rainfall,Tipping Bucket Raingauge,mm
603111,0.2,rainfall,Tipping Bucket Raingauge,mm
592848,,rainfall,Tipping Bucket Raingauge,mm
E8530,0.0,rainfall,Tipping Bucket Raingauge,mm
E42961,0.0,rainfall,Tipping Bucket Raingauge,mm
47166,0.0,rainfall,Tipping Bucket Raingauge,mm
264254TP,0.0,rainfall,Tipping Bucket Raingauge,mm
E24746,0.0,rainfall,Tipping Bucket Raingauge,mm
282290TP,0.0,rainfall,Tipping Bucket Raingauge,mm
E270,0.0,rainfall,Tipping Bucket Raingauge,mm
E42991,0.0,rainfall,Tipping Bucket Raingauge,mm
E42981,0.0,rainfall,Tipping Bucket Raingauge,mm
282947TP,0.0,rainfall,Tipping Bucket Raingauge,mm
E7200,0.0,rainfall,Tipping Bucket Raingauge,mm
287722TP,0.0,rainfall,Tipping Bucket Raingauge,mm
E14080,0.0,rainfall,Tipping Bucket Raingauge,mm
E46061,0.0,rainfall,Tipping Bucket Raingauge,mm
1740,0.0,rainfall,Tipping Bucket Raingauge,mm
E1681,0.0,rainfall,Tipping Bucket Raingauge,mm
E27621,0.0,rainfall,Tipping Bucket Raingauge,mm
50110,0.0,rainfall,Tipping Bucket Raingauge,mm
3574,0.0,rainfall,Tipping Bucket Raingauge,mm
E7075,0.0,rainfall,Tipping Bucket Raingauge,mm
49104,0.0,rainfall,Tipping Bucket Raingauge,mm
586820,1.6,rainfall,Tipping Bucket Raingauge,mm
4103,,rainfall,Tipping Bucket Raingauge,mm
550148,,rainfall,Tipping Bucket Raingauge,mm
594202,0.2,rainfall,Tipping Bucket Raingauge,mm
3025,0.0,rainfall,Tipping Bucket Raingauge,mm
575384,0.0,rainfall,Tipping Bucket Raingauge,mm
E2410,0.0,rainfall,Tipping Bucket Raingauge,mm
263541TP,0.0,rainfall,Tipping Bucket Raingauge,mm
052287,0.0,rainfall,Tipping Bucket Raingauge,mm
E10500,0.0,rainfall,Tipping Bucket Raingauge,mm
3100,0.0,rainfall,Tipping Bucket Raingauge,mm
007292,0.0,rainfall,Tipping Bucket Raingauge,mm
E12570,0.0,rainfall,Tipping Bucket Raingauge,mm
244027TP,0.0,rainfall,Tipping Bucket Raingauge,mm
E21637,0.0,rainfall,Tipping Bucket Raingauge,mm
257039TP,0.0,rainfall,Tipping Bucket Raingauge,mm
055R0521E_TG_326,0.0,rainfall,Tipping Bucket Raingauge,mm
E23500,0.0,rainfall,Tipping Bucket Raingauge,mm
261923TP,0.0,rainfall,Tipping Bucket Raingauge,mm
555207,0.0,rainfall,Tipping Bucket Raingauge,mm
3611,0.0,rainfall,Tipping Bucket Raingauge,mm
3601,0.0,rainfall,Tipping Bucket Raingauge,mm
E24889,0.0,rainfall,Tipping Bucket Raingauge,mm
E37271,0.0,rainfall,Tipping Bucket Raingauge,mm
589359,0.0,rainfall,Tipping Bucket Raingauge,mm
E2544,0.0,rainfall,Tipping Bucket Raingauge,mm
239579TP,0.0,rainfall,Tipping Bucket Raingauge,mm
586493,0.8,rainfall,Tipping Bucket Raingauge,mm
E21179,0.2,rainfall,Tipping Bucket Raingauge,mm
243045TP,0.0,rainfall,Tipping Bucket Raingauge,mm
558016,0.0,rainfall,Tipping Bucket Raingauge,mm
1045,0.0,rainfall,Tipping Bucket Raingauge,mm
E7105,0.0,rainfall,Tipping Bucket Raingauge,mm
051729,0.4,rainfall,Tipping Bucket Raingauge,mm
E24756,0.0,rainfall,Tipping Bucket Raingauge,mm
52101,0.0,rainfall,Tipping Bucket Raingauge,mm
E22309,0.0,rainfall,Tipping Bucket Raingauge,mm
E14440,0.0,rainfall,Tipping Bucket Raingauge,mm
52105,0.0,rainfall,Tipping Bucket Raingauge,mm
571894,0.4,rainfall,Tipping Bucket Raingauge,mm
E22400,0.0,rainfall,Tipping Bucket Raingauge,mm
49172,0.0,rainfall,Tipping Bucket Raingauge,mm
579167,0.0,rainfall,Tipping Bucket Raingauge,mm
E23392,0.0,rainfall,Tipping Bucket Raingauge,mm
E1700,0.0,rainfall,Tipping Bucket Raingauge,mm
1795,,rainfall,Tipping Bucket Raingauge,mm
1769,0.0,rainfall,Tipping Bucket Raingauge,mm
585512,0.0,rainfall,Tipping Bucket Raingauge,mm
603315,0.0,rainfall,Tipping Bucket Raingauge,mm
600735,0.0,rainfall,Tipping Bucket Raingauge,mm
E23657,,rainfall,Tipping Bucket Raingauge,mm
44213,0.0,rainfall,Tipping Bucket Raingauge,mm
276651TP,0.0,rainfall,Tipping Bucket Raingauge,mm
575935,,rainfall,Tipping Bucket Raingauge,---
582837,0.2,rainfall,Tipping Bucket Raingauge,mm
E23205,0.0,rainfall,Tipping Bucket Raingauge,mm
562417,0.0,rainfall,Tipping Bucket Raingauge,mm
073422,0.2,rainfall,Tipping Bucket Raingauge,mm
E23487,0.0,rainfall,Tipping Bucket Raingauge,mm
047439,0.2,rainfall,Tipping Bucket Raingauge,mm
3110,0.0,rainfall,Tipping Bucket Raingauge,mm
1332,0.0,rainfall,Tipping Bucket Raingauge,mm
E24865,0.0,rainfall,Tipping Bucket Raingauge,mm
E7270,0.0,rainfall,Tipping Bucket Raingauge,mm
3346,0.0,rainfall,Tipping Bucket Raingauge,mm
E3281,0.0,rainfall,Tipping Bucket Raingauge,mm
1141,0.0,rainfall,Tipping Bucket Raingauge,mm
573674,0.2,rainfall,Tipping Bucket Raingauge,mm
E19017,0.0,rainfall,Tipping Bucket Raingauge,mm
240662TP,0.0,rainfall,Tipping Bucket Raingauge,mm
558491,0.0,rainfall,Tipping Bucket Raingauge,mm
059793,0.0,rainfall,Tipping Bucket Raingauge,mm
013553,0.0,rainfall,Tipping Bucket Raingauge,mm
50108,,rainfall,Tipping Bucket Raingauge,mm
E14920,0.0,rainfall,Tipping Bucket Raingauge,mm
038476,0.0,rainfall,Tipping Bucket Raingauge,mm
E11461,0.0,rainfall,Tipping Bucket Raingauge,mm
E24727,0.0,rainfall,Tipping Bucket Raingauge,mm
576925,0.0,rainfall,Tipping Bucket Raingauge,mm
300001TP,0.0,rainfall,Tipping Bucket Raingauge,mm
53107,0.0,rainfall,Tipping Bucket Raingauge,mm
1409,0.0,rainfall,Tipping Bucket Raingauge,mm
E8500,0.0,rainfall,Tipping Bucket Raingauge,mm
283596TP,0.0,rainfall,Tipping Bucket Raingauge,mm
241243TP,0.0,rainfall,Tipping Bucket Raingauge,mm
47102,0.0,rainfall,Tipping Bucket Raingauge,mm
49162,0.0,rainfall,Tipping Bucket Raingauge,mm
076204,0.0,rainfall,Tipping Bucket Raingauge,mm
53102,0.0,rainfall,Tipping Bucket Raingauge,mm
E7120,,rainfall,Tipping Bucket Raingauge,mm
E4080,0.0,rainfall,Tipping Bucket Raingauge,mm
287451TP,0.0,rainfall,Tipping Bucket Raingauge,mm
E12160,0.0,rainfall,Tipping Bucket Raingauge,mm
53106,0.2,rainfall,Tipping Bucket Raingauge,mm
52225,0.0,rainfall,Tipping Bucket Raingauge,mm
265038TP,0.0,rainfall,Tipping Bucket Raingauge,mm
598147,0.2,rainfall,Tipping Bucket Raingauge,mm
417417TP,0.0,rainfall,Tipping Bucket Raingauge,mm
45231,0.0,rainfall,Tipping Bucket Raingauge,mm
247540TP,0.0,rainfall,Tipping Bucket Raingauge,mm
074385,0.0,rainfall,Tipping Bucket Raingauge,mm
035305,0.0,rainfall,Tipping Bucket Raingauge,mm
1774,0.0,rainfall,Tipping Bucket Raingauge,mm
E9720,0.0,rainfall,Tipping Bucket Raingauge,mm
1548,0.0,rainfall,Tipping Bucket Raingauge,mm
49108,0.0,rainfall,Tipping Bucket Raingauge,mm
44214,0.0,rainfall,Tipping Bucket Raingauge,mm
559969,0.0,rainfall,Tipping Bucket Raingauge,mm
570788,0.0,rainfall,Tipping Bucket Raingauge,mm
E14940,0.0,rainfall,Tipping Bucket Raingauge,mm
E22735,,rainfall,Tipping Bucket Raingauge,mm
E22322,0.0,rainfall,Tipping Bucket Raingauge,mm
604040,0.0,rainfall,Tipping Bucket Raingauge,mm
E1300,0.0,rainfall,Tipping Bucket Raingauge,mm
E1908,0.0,rainfall,Tipping Bucket Raingauge,mm
1552,0.0,rainfall,Tipping Bucket Raingauge,mm
3380,0.0,rainfall,Tipping Bucket Raingauge,mm
E5728,0.0,rainfall,Tipping Bucket Raingauge,mm
E2578,0.0,rainfall,Tipping Bucket Raingauge,mm
E4090,0.0,rainfall,Tipping Bucket Raingauge,mm
068762,0.0,rainfall,Tipping Bucket Raingauge,mm
E24767,0.0,rainfall,Tipping Bucket Raingauge,mm
53108,0.0,rainfall,Tipping Bucket Raingauge,mm
240470TP,0.0,rainfall,Tipping Bucket Raingauge,mm
243679TP,0.0,rainfall,Tipping Bucket Raingauge,mm
238097TP,,rainfall,Tipping Bucket Raingauge,mm
E13590,0.0,rainfall,Tipping Bucket Raingauge,mm
287141TP,0.0,rainfall,Tipping Bucket Raingauge,mm
039163,0.0,rainfall,Tipping Bucket Raingauge,mm
E22218,0.0,rainfall,Tipping Bucket Raingauge,mm
E7160,0.0,rainfall,Tipping Bucket Raingauge,mm
E10140,0.0,rainfall,Tipping Bucket Raingauge,mm
593321,,rainfall,Tipping Bucket Raingauge,mm
034459,0.0,rainfall,Tipping Bucket Raingauge,mm
45115,0.0,rainfall,Tipping Bucket Raingauge,mm
E2450,,rainfall,Tipping Bucket Raingauge,mm
1087,0.0,rainfall,Tipping Bucket Raingauge,mm
E42135,0.0,rainfall,Tipping Bucket Raingauge,mm
290007TP,0.0,rainfall,Tipping Bucket Raingauge,mm
605936,0.0,rainfall,Tipping Bucket Raingauge,mm
45166,0.0,rainfall,Tipping Bucket Raingauge,mm
3641,0.0,rainfall,Tipping Bucket Raingauge,mm
3349,0.0,rainfall,Tipping Bucket Raingauge,mm
3861,0.0,rainfall,Tipping Bucket Raingauge,mm
45113,0.0,rainfall,Tipping Bucket Raingauge,mm
E24737,0.0,rainfall,Tipping Bucket Raingauge,mm
52227,0.0,rainfall,Tipping Bucket Raingauge,mm
3781,0.0,rainfall,Tipping Bucket Raingauge,mm
247344TP,0.0,rainfall,Tipping Bucket Raingauge,mm
E13580,0.0,rainfall,Tipping Bucket Raingauge,mm
574718,0.2,rainfall,Tipping Bucket Raingauge,mm
43203,0.0,rainfall,Tipping Bucket Raingauge,mm
562992,,rainfall,Tipping Bucket Raingauge,mm
289102TP,0.0,rainfall,Tipping Bucket Raingauge,mm
E1691,0.0,rainfall,Tipping Bucket Raingauge,mm
032822,0.0,rainfall,Tipping Bucket Raingauge,mm
613467,0.0,rainfall,Tipping Bucket Raingauge,mm
E1645,0.0,rainfall,Tipping Bucket Raingauge,mm
E7130,0.0,rainfall,Tipping Bucket Raingauge,mm
3603,0.0,rainfall,Tipping Bucket Raingauge,mm
51102,0.0,rainfall,Tipping Bucket Raingauge,mm
E7180,0.0,rainfall,Tipping Bucket Raingauge,mm
E7170,0.0,rainfall,Tipping Bucket Raingauge,mm
E2476,0.0,rainfall,Tipping Bucket Raingauge,mm
245176TP,0.0,rainfall,Tipping Bucket Raingauge,mm
577271,0.0,rainfall,Tipping Bucket Raingauge,mm
3773,0.0,rainfall,Tipping Bucket Raingauge,mm
1794,0.0,rainfall,Tipping Bucket Raingauge,mm
290200TP,0.0,rainfall,Tipping Bucket Raingauge,mm
600986,0.4,rainfall,Tipping Bucket Raingauge,mm
005588,0.0,rainfall,Tipping Bucket Raingauge,mm
560631,0.0,rainfall,Tipping Bucket Raingauge,mm
E8510,0.0,rainfall,Tipping Bucket Raingauge,mm
E13560,0.0,rainfall,Tipping Bucket Raingauge,mm
45157,,rainfall,Tipping Bucket Raingauge,mm
285630TP,0.0,rainfall,Tipping Bucket Raingauge,mm
E7070,0.0,rainfall,Tipping Bucket Raingauge,mm
037239,0.0,rainfall,Tipping Bucket Raingauge,mm
E6770,0.0,rainfall,Tipping Bucket Raingauge,mm
007533,,rainfall,Tipping Bucket Raingauge,mm
082509,0.0,rainfall,Tipping Bucket Raingauge,mm
924203,0.0,rainfall,Tipping Bucket Raingauge,mm
3441,0.0,rainfall,Tipping Bucket Raingauge,mm
E10370,0.0,rainfall,Tipping Bucket Raingauge,mm
E10360,0.0,rainfall,Tipping Bucket Raingauge,mm
004942,0.0,rainfall,Tipping Bucket Raingauge,mm
584098,,rainfall,Tipping Bucket Raingauge,mm
48105,0.0,rainfall,Tipping Bucket Raingauge,mm
084532,0.0,rainfall,Tipping Bucket Raingauge,mm
48155,0.0,rainfall,Tipping Bucket Raingauge,mm
E14880,,rainfall,Tipping Bucket Raingauge,mm
43205,0.0,rainfall,Tipping Bucket Raingauge,mm
561613,0.0,rainfall,Tipping Bucket Raingauge,mm
243131TP,0.0,rainfall,Tipping Bucket Raingauge,mm
576578,0.0,rainfall,Tipping Bucket Raingauge,mm
E2316,0.0,rainfall,Tipping Bucket Raingauge,mm
E5729,0.0,rainfall,Tipping Bucket Raingauge,mm
080282,0.0,rainfall,Tipping Bucket Raingauge,mm
3629,,rainfall,Tipping Bucket Raingauge,mm
E6760,0.2,rainfall,Tipping Bucket Raingauge,mm
E44081,0.0,rainfall,Tipping Bucket Raingauge,mm
E901,0.0,rainfall,Tipping Bucket Raingauge,mm
054507,0.0,rainfall,Tipping Bucket Raingauge,mm
021228,0.2,rainfall,Tipping Bucket Raingauge,mm
022994,0.0,rainfall,Tipping Bucket Raingauge,mm
52103,0.0,rainfall,Tipping Bucket Raingauge,mm
E22244,0.0,rainfall,Tipping Bucket Raingauge,mm
E24920,0.0,rainfall,Tipping Bucket Raingauge,mm
1603,0.0,rainfall,Tipping Bucket Raingauge,mm
573342,0.6,rainfall,Tipping Bucket Raingauge,mm
1819,0.0,rainfall,Tipping Bucket Raingauge,mm
46101,,rainfall,Tipping Bucket Raingauge,mm
48171,0.0,rainfall,Tipping Bucket Raingauge,mm
3767,0.0,rainfall,Tipping Bucket Raingauge,mm
E11191,0.0,rainfall,Tipping Bucket Raingauge,mm
078922,0.0,rainfall,Tipping Bucket Raingauge,mm
45169,0.0,rainfall,Tipping Bucket Raingauge,mm
268103TP,0.0,rainfall,Tipping Bucket Raingauge,mm
075233,0.4,rainfall,Tipping Bucket Raingauge,mm
254336TP,0.0,rainfall,Tipping Bucket Raingauge,mm
E2859,,rainfall,Tipping Bucket Raingauge,mm
606299,0.0,rainfall,Tipping Bucket Raingauge,mm
E5734,0.0,rainfall,Tipping Bucket Raingauge,mm
E10000,0.0,rainfall,Tipping Bucket Raingauge,mm
44104,0.0,rainfall,Tipping Bucket Raingauge,mm
E44091,0.0,rainfall,Tipping Bucket Raingauge,mm
476898_TG_333,,rainfall,Tipping Bucket Raingauge,mm
246847TP,,rainfall,Tipping Bucket Raingauge,mm
52129,0.0,rainfall,Tipping Bucket Raingauge,mm
E21589,0.0,rainfall,Tipping Bucket Raingauge,mm
079621,0.0,rainfall,Tipping Bucket Raingauge,mm
3683,0.0,rainfall,Tipping Bucket Raingauge,mm
028502,0.2,rainfall,Tipping Bucket Raingauge,mm
3026,0.0,rainfall,Tipping Bucket Raingauge,mm
52223,0.0,rainfall,Tipping Bucket Raingauge,mm
E24775,,rainfall,Tipping Bucket Raingauge,mm
E21096,0.0,rainfall,Tipping Bucket Raingauge,mm
E14850,0.0,rainfall,Tipping Bucket Raingauge,mm
1713,0.0,rainfall,Tipping Bucket Raingauge,mm
022163,0.0,rainfall,Tipping Bucket Raingauge,mm
52147,0.0,rainfall,Tipping Bucket Raingauge,mm
E23470,0.0,rainfall,Tipping Bucket Raingauge,mm
E1457,0.0,rainfall,Tipping Bucket Raingauge,mm
560557,0.0,rainfall,Tipping Bucket Raingauge,mm
047281,0.2,rainfall,Tipping Bucket Raingauge,mm
52150,0.0,rainfall,Tipping Bucket Raingauge,mm
E7040,0.0,rainfall,Tipping Bucket Raingauge,mm
061431,0.6,rainfall,Tipping Bucket Raingauge,mm
013878,0.0,rainfall,Tipping Bucket Raingauge,mm
291477TP,0.0,rainfall,Tipping Bucket Raingauge,mm
E23518,0.0,rainfall,Tipping Bucket Raingauge,mm
021028,0.0,rainfall,Tipping Bucket Raingauge,mm
276036TP,0.0,rainfall,Tipping Bucket Raingauge,mm
E2382,0.0,rainfall,Tipping Bucket Raingauge,mm
E5721,0.0,rainfall,Tipping Bucket Raingauge,mm
E10120,0.0,rainfall,Tipping Bucket Raingauge,mm
E24187,0.0,rainfall,2,mm
E6780,0.0,rainfall,Tipping Bucket Raingauge,mm
E5726,0.0,rainfall,Tipping Bucket Raingauge,mm
240816TP,0.0,rainfall,Tipping Bucket Raingauge,mm
50103,0.0,rainfall,Tipping Bucket Raingauge,mm
47170,0.0,rainfall,Tipping Bucket Raingauge,mm
531184,0.0,rainfall,Tipping Bucket Raingauge,mm
E21335,0.0,rainfall,Tipping Bucket Raingauge,mm
597519,0.3,rainfall,Tipping Bucket Raingauge,mm
E23420,0.0,rainfall,Tipping Bucket Raingauge,mm
43105,0.0,rainfall,Tipping Bucket Raingauge,mm
50194,0.0,rainfall,Tipping Bucket Raingauge,mm
017651,0.0,rainfall,Tipping Bucket Raingauge,mm
47108,0.0,rainfall,Tipping Bucket Raingauge,mm
1813,0.0,rainfall,Tipping Bucket Raingauge,mm
284703TP,0.0,rainfall,Tipping Bucket Raingauge,mm
291241TP,0.0,rainfall,Tipping Bucket Raingauge,mm
E23646,0.2,rainfall,Tipping Bucket Raingauge,mm
48181,0.0,rainfall,Tipping Bucket Raingauge,mm
568363,,rainfall,Tipping Bucket Raingauge,mm
1817,0.0,rainfall,Tipping Bucket Raingauge,mm
531175,0.0,rainfall,Tipping Bucket Raingauge,mm
592448,0.8,rainfall,Tipping Bucket Raingauge,mm
083280,0.0,rainfall,Tipping Bucket Raingauge,mm
E1928,,rainfall,Tipping Bucket Raingauge,mm
241790TP,0.0,rainfall,Tipping Bucket Raingauge,mm
253340TP,0.0,rainfall,Tipping Bucket Raingauge,mm
585022,,rainfall,Tipping Bucket Raingauge,mm
256345TP,0.0,rainfall,Tipping Bucket Raingauge,mm
026090,0.0,rainfall,Tipping Bucket Raingauge,mm
3178,0.0,rainfall,Tipping Bucket Raingauge,mm
053532,0.4,rainfall,Tipping Bucket Raingauge,mm
E8480,0.0,rainfall,Tipping Bucket Raingauge,mm
E22486,0.0,rainfall,Tipping Bucket Raingauge,mm
E24952,0.0,rainfall,Tipping Bucket Raingauge,mm
010660,0.0,rainfall,Tipping Bucket Raingauge,mm
E24591,0.2,rainfall,Tipping Bucket Raingauge,mm
43103,0.0,rainfall,Tipping Bucket Raingauge,mm
287946TP,0.0,rainfall,Tipping Bucket Raingauge,mm
E2050,0.0,rainfall,Tipping Bucket Raingauge,mm
E2040,0.0,rainfall,Tipping Bucket Raingauge,mm
45167,0.0,rainfall,Tipping Bucket Raingauge,mm
E24585,,rainfall,Tipping Bucket Raingauge,mm
010312,0.0,rainfall,Tipping Bucket Raingauge,mm
E14420,0.0,rainfall,Tipping Bucket Raingauge,mm
E1976,0.0,rainfall,Tipping Bucket Raingauge,mm
43201,0.0,rainfall,Tipping Bucket Raingauge,mm
3779,0.0,rainfall,Tipping Bucket Raingauge,mm
E43545,0.0,rainfall,Tipping Bucket Raingauge,mm
E5731,0.0,rainfall,Tipping Bucket Raingauge,mm
035103,0.0,rainfall,Tipping Bucket Raingauge,mm
E5170,0.0,rainfall,Tipping Bucket Raingauge,mm
1040,0.0,rainfall,Tipping Bucket Raingauge,mm
574656,0.3,rainfall,Tipping Bucket Raingauge,mm
E23440,0.0,rainfall,Tipping Bucket Raingauge,mm
E24908,0.0,rainfall,Tipping Bucket Raingauge,mm
039268,0.0,rainfall,Tipping Bucket Raingauge,mm
592464,0.4,rainfall,Tipping Bucket Raingauge,mm
014555,0.2,rainfall,Tipping Bucket Raingauge,mm
1140,,rainfall,Tipping Bucket Raingauge,mm
288092TP,0.0,rainfall,Tipping Bucket Raingauge,mm
44132,0.0,rainfall,Tipping Bucket Raingauge,mm
3771,0.0,rainfall,Tipping Bucket Raingauge,mm
47112,0.0,rainfall,Tipping Bucket Raingauge,mm
068416,0.0,rainfall,Tipping Bucket Raingauge,mm
591419,0.0,rainfall,Tipping Bucket Raingauge,mm
E24732,0.0,rainfall,Tipping Bucket Raingauge,mm
569709,0.0,rainfall,Tipping Bucket Raingauge,mm
50188,0.0,rainfall,Tipping Bucket Raingauge,mm
45183,0.0,rainfall,Tipping Bucket Raingauge,mm
3288,0.0,rainfall,Tipping Bucket Raingauge,mm
46103,0.0,rainfall,Tipping Bucket Raingauge,mm
E1966,0.0,rainfall,Tipping Bucket Raingauge,mm
584772,0.0,rainfall,Tipping Bucket Raingauge,mm
53111,0.0,rainfall,Tipping Bucket Raingauge,mm
52149,0.0,rainfall,Tipping Bucket Raingauge,mm
E24930,0.0,rainfall,Tipping Bucket Raingauge,mm
E21602,0.0,rainfall,Tipping Bucket Raingauge,mm
E8743,0.0,rainfall,Tipping Bucket Raingauge,mm
3571,0.0,rainfall,Tipping Bucket Raingauge,mm
E5723,0.0,rainfall,Tipping Bucket Raingauge,mm
E1606,0.0,rainfall,Tipping Bucket Raingauge,mm
034091,0.0,rainfall,Tipping Bucket Raingauge,mm
575335,,rainfall,Tipping Bucket Raingauge,mm
605382,,rainfall,Tipping Bucket Raingauge,mm
E1716,0.0,rainfall,Tipping Bucket Raingauge,mm
040492,0.0,rainfall,Tipping Bucket Raingauge,mm
586898,0.2,rainfall,Tipping Bucket Raingauge,mm
E14430,0.0,rainfall,Tipping Bucket Raingauge,mm
45208,0.0,rainfall,Tipping Bucket Raingauge,mm
1761,0.0,rainfall,Tipping Bucket Raingauge,mm
3775,0.0,rainfall,Tipping Bucket Raingauge,mm
600140,0.3,rainfall,Tipping Bucket Raingauge,mm
48169,0.0,rainfall,Tipping Bucket Raingauge,mm
53101,0.0,rainfall,Tipping Bucket Raingauge,mm
E46331,0.0,rainfall,Tipping Bucket Raingauge,mm
077336,0.2,rainfall,Tipping Bucket Raingauge,mm
3201,0.0,rainfall,Tipping Bucket Raingauge,mm
E24940,0.0,rainfall,Tipping Bucket Raingauge,mm
51126,0.0,rainfall,Tipping Bucket Raingauge,mm
E1980,0.0,rainfall,Tipping Bucket Raingauge,mm
E5722,0.0,rainfall,Tipping Bucket Raingauge,mm
E9660,0.0,rainfall,Tipping Bucket Raingauge,mm
48157,0.0,rainfall,Tipping Bucket Raingauge,mm
076413,0.0,rainfall,Tipping Bucket Raingauge,mm
53103,0.0,rainfall,Tipping Bucket Raingauge,mm
243543TP,0.0,rainfall,Tipping Bucket Raingauge,mm
E2433,0.0,rainfall,Tipping Bucket Raingauge,mm
286392TP,0.0,rainfall,Tipping Bucket Raingauge,mm
078772,0.0,rainfall,Tipping Bucket Raingauge,mm
46161,0.0,rainfall,Tipping Bucket Raingauge,mm
563599,,rainfall,Tipping Bucket Raingauge,mm
E5733,0.0,rainfall,Tipping Bucket Raingauge,mm
588705,0.0,rainfall,Tipping Bucket Raingauge,mm
50101,0.0,rainfall,Tipping Bucket Raingauge,mm
1771,0.0,rainfall,Tipping Bucket Raingauge,mm
48159,0.0,rainfall,Tipping Bucket Raingauge,mm
085960,0.0,rainfall,Tipping Bucket Raingauge,mm
046222,0.0,rainfall,Tipping Bucket Raingauge,mm
3198,0.0,rainfall,Tipping Bucket Raingauge,mm
238944TP,0.0,rainfall,Tipping Bucket Raingauge,mm
47106,0.0,rainfall,Tipping Bucket Raingauge,mm
E46341,0.0,rainfall,Tipping Bucket Raingauge,mm
E21870,0.4,rainfall,Tipping Bucket Raingauge,mm
271491TP,0.0,rainfall,Tipping Bucket Raingauge,mm
E911,0.0,rainfall,Tipping Bucket Raingauge,mm
025878,0.0,rainfall,Tipping Bucket Raingauge,mm
55000A,,rainfall,Tipping Bucket Raingauge,mm
E8020,0.0,rainfall,Tipping Bucket Raingauge,mm
E5732,0.0,rainfall,Tipping Bucket Raingauge,mm
562656,,rainfall,Tipping Bucket Raingauge,---
E24632,0.0,rainfall,Tipping Bucket Raingauge,mm
49101,0.0,rainfall,Tipping Bucket Raingauge,mm
000182TP,0.0,rainfall,Tipping Bucket Raingauge,mm
50111,0.0,rainfall,Tipping Bucket Raingauge,mm
592158,,rainfall,Tipping Bucket Raingauge,---
E8030,0.0,rainfall,Tipping Bucket Raingauge,mm
47144,0.0,rainfall,Tipping Bucket Raingauge,mm
070365,0.0,rainfall,Tipping Bucket Raingauge,mm
E22683,0.0,rainfall,Tipping Bucket Raingauge,mm
E8290,0.0,rainfall,Tipping Bucket Raingauge,mm
E5724,0.0,rainfall,Tipping Bucket Raingauge,mm
000076TP,0.0,rainfall,Tipping Bucket Raingauge,mm
270669TP,0.0,rainfall,Tipping Bucket Raingauge,mm
3323,0.0,rainfall,Tipping Bucket Raingauge,mm
50105,0.0,rainfall,Tipping Bucket Raingauge,mm
000997,0.0,rainfall,Tipping Bucket Raingauge,mm
45100,0.0,rainfall,Tipping Bucket Raingauge,mm
47160,0.0,rainfall,Tipping Bucket Raingauge,mm
47156,0.0,rainfall,Tipping Bucket Raingauge,mm
576635,0.0,rainfall,Tipping Bucket Raingauge,mm
E4850,0.0,rainfall,Tipping Bucket Raingauge,mm
E24718,0.0,rainfall,Tipping Bucket Raingauge,mm
475212_TG_354,0.0,rainfall,Tipping Bucket Raingauge,mm
290578TP,0.0,rainfall,Tipping Bucket Raingauge,mm
1747,0.0,rainfall,Tipping Bucket Raingauge,mm
44201,0.0,rainfall,Tipping Bucket Raingauge,mm
E24712,0.2,rainfall,Tipping Bucket Raingauge,mm
006077,0.0,rainfall,Tipping Bucket Raingauge,mm
51124,0.0,rainfall,Tipping Bucket Raingauge,mm
E24141,,rainfall,2,mm
531179,0.0,rainfall,Tipping Bucket Raingauge,mm
3096,0.0,rainfall,Tipping Bucket Raingauge,mm
246726TP,0.0,rainfall,Tipping Bucket Raingauge,mm
054371,0.0,rainfall,Tipping Bucket Raingauge,mm
E8040,0.0,rainfall,Tipping Bucket Raingauge,mm
47164,0.0,rainfall,Tipping Bucket Raingauge,mm
562811,,rainfall,Tipping Bucket Raingauge,mm
46151,0.0,rainfall,Tipping Bucket Raingauge,mm
E2527,0.0,rainfall,Tipping Bucket Raingauge,mm
3604,0.0,rainfall,Tipping Bucket Raingauge,mm
E3474,0.0,rainfall,Tipping Bucket Raingauge,mm
E46361,0.0,rainfall,Tipping Bucket Raingauge,mm
E22335,0.0,rainfall,Tipping Bucket Raingauge,mm
E3220,0.0,rainfall,Tipping Bucket Raingauge,mm
46107,0.0,rainfall,Tipping Bucket Raingauge,mm
E24854,0.0,rainfall,Tipping Bucket Raingauge,mm
E24499,,rainfall,Tipping Bucket Raingauge,mm
45204,0.0,rainfall,Tipping Bucket Raingauge,mm
237740TP,0.0,rainfall,Tipping Bucket Raingauge,mm
043533,0.0,rainfall,Tipping Bucket Raingauge,mm
E5720,,rainfall,Tipping Bucket Raingauge,mm
48102,0.0,rainfall,Tipping Bucket Raingauge,mm
613905,0.0,rainfall,Tipping Bucket Raingauge,mm
054604,0.0,rainfall,Tipping Bucket Raingauge,mm
53113,0.0,rainfall,Tipping Bucket Raingauge,mm
279941TP,0.0,rainfall,Tipping Bucket Raingauge,mm
E26212,0.0,rainfall,Tipping Bucket Raingauge,mm
3347,0.0,rainfall,Tipping Bucket Raingauge,mm
50109,0.0,rainfall,Tipping Bucket Raingauge,mm
000180TP,0.0,rainfall,Tipping Bucket Raingauge,mm
569323,0.0,rainfall,Tipping Bucket Raingauge,mm
000028,0.0,rainfall,Tipping Bucket Raingauge,mm
1086,0.0,rainfall,Tipping Bucket Raingauge,mm
E7260,0.0,rainfall,Tipping Bucket Raingauge,mm
582970,0.0,rainfall,Tipping Bucket Raingauge,mm
48103,0.0,rainfall,Tipping Bucket Raingauge,mm
49147,0.0,rainfall,Tipping Bucket Raingauge,mm
46167,0.0,rainfall,Tipping Bucket Raingauge,mm
E7190,0.0,rainfall,Tipping Bucket Raingauge,mm
588886,0.0,rainfall,Tipping Bucket Raingauge,mm
45184,0.0,rainfall,Tipping Bucket Raingauge,mm
45108_,,rainfall,Tipping Bucket Raingauge,mm
E1711,,rainfall,Tipping Bucket Raingauge,mm
558844,0.0,rainfall,Tipping Bucket Raingauge,mm
45185,0.0,rainfall,Tipping Bucket Raingauge,mm
E2400,0.0,rainfall,Tipping Bucket Raingauge,mm
2705SO,0.0,rainfall,Water,mm
035024NE,0.0,rainfall,Tipping Bucket Raingauge,mm
270397,,rainfall,Tipping Bucket Raingauge,mm
604742,0.2,rainfall,Tipping Bucket Raingauge,mm
46168,0.0,rainfall,Tipping Bucket Raingauge,mm
577794,0.2,rainfall,Tipping Bucket Raingauge,mm
4527,,rainfall,Tipping Bucket Raingauge,mm
3642,0.0,rainfall,Tipping Bucket Raingauge,mm
305111,0.0,rainfall,Tipping Bucket Raingauge,mm
6666LO,,rainfall,Tipping Bucket Raingauge,mm
562992_,0.0,rainfall,Tipping Bucket Raingauge,mm
510001,0.0,rainfall,Tipping Bucket Raingauge,mm
46169,0.0,rainfall,Tipping Bucket Raingauge,mm
45186,0.0,rainfall,Tipping Bucket Raingauge,mm
1409Lucas,,rainfall,Tipping Bucket Raingauge,mm
4549,,rainfall,Tipping Bucket Raingauge,mm
4548,,rainfall,Tipping Bucket Raingauge,mm
301666,0.0,rainfall,Tipping Bucket Raingauge,mm
E5650,,rainfall,Tipping Bucket Raingauge,mm
1112,,rainfall,Tipping Bucket Raingauge,mm
E2561,0.0,rainfall,Tipping Bucket Raingauge,mm
E21326,0.0,rainfall,Tipping Bucket Raingauge,mm
E22268,0.0,rainfall,Tipping Bucket Raingauge,mm
7015,,rainfall,Tipping Bucket Raingauge,mm
1607,,rainfall,Tipping Bucket Raingauge,mm
1606,,rainfall,Logged,mm
47176,,rainfall,Tipping Bucket Raingauge,mm
1338,,rainfall,Tipping Bucket Raingauge,mm
1750,,rainfall,Tipping Bucket Raingauge,mm
1810,,rainfall,Tipping Bucket Raingauge,mm
1408,,rainfall,Tipping Bucket Raingauge,mm
1023SE,0.0,rainfall,Tipping Bucket Raingauge,mm
593362,0.0,rainfall,Tipping Bucket Raingauge,mm
0744SE,0.0,rainfall,Tipping Bucket Raingauge,mm
DH112233,,rainfall,Water,mm
0925SE,0.0,rainfall,Tipping Bucket Raingauge,mm
0924SE,0.0,rainfall,Tipping Bucket Raingauge,mm
563170,0.0,rainfall,Tipping Bucket Raingauge,mm
1822SO,0.0,rainfall,Tipping Bucket Raingauge,mm
Coldw1,,rainfall,Tipping Bucket Raingauge,mm
Mitch1,,rainfall,Tipping Bucket Raingauge,mm
Edgeh1,,rainfall,Tipping Bucket Raingauge,mm
582191,0.2,rainfall,Tipping Bucket Raingauge,mm
579623,0.0,rainfall,Tipping Bucket Raingauge,mm
EdgeH1,0.0,rainfall,Tipping Bucket Raingauge,mm
45268,0.0,rainfall,Tipping Bucket Raingauge,mm
Dubbs1,,rainfall,Tipping Bucket Raingauge,mm
261602TP,,rainfall,Water,mm
585122_,,rainfall,Tipping Bucket Raingauge,mm
019271,0.0,rainfall,Tipping Bucket Raingauge,mm
E42297,0.0,rainfall,Tipping Bucket Raingauge,mm
1930,0.0,rainfall,Tipping Bucket Raingauge,mm
2102SO,,rainfall,Water,mm
294323,0.0,rainfall,Water,mm
017220,0.0,rainfall,Tipping Bucket Raingauge,mm
380002TP,0.0,rainfall,Tipping Bucket Raingauge,mm
551440,,rainfall,Tipping Bucket Raingauge,---
564154,,rainfall,Tipping Bucket Raingauge,---
463589,0.0,rainfall,Tipping Bucket Raingauge,mm
E25173,0.0,rainfall,Tipping Bucket Raingauge,mm
E48676,0.0,rainfall,Tipping Bucket Raingauge,mm
585122,0.2,rainfall,Tipping Bucket Raingauge,mm
0323SO,0.0,rainfall,Tipping Bucket Raingauge,mm
340767,0.0,rainfall,Tipping Bucket Raingauge,mm
604142,0.0,rainfall,Tipping Bucket Raingauge,mm
E82080,0.0,rainfall,Tipping Bucket Raingauge,mm
605543,,rainfall,Tipping Bucket Raingauge,mm
E82120,0.0,rainfall,Tipping Bucket Raingauge,mm
575092______________________________________,,rainfall,Tipping Bucket Raingauge,mm
574786______________________________________,,rainfall,Tipping Bucket Raingauge,mm
015313,0.2,rainfall,Tipping Bucket Raingauge,mm
Not_Specified,0.0,rainfall,1,mm
NelsonGC,0.0,rainfall,Tipping Bucket Raingauge,mm
575092,0.0,rainfall,Tipping Bucket Raingauge,mm
E82920,0.0,rainfall,1,mm
E82960,0.0,rainfall,1,mm
1775,0.0,rainfall,Tipping Bucket Raingauge,mm
E84540,0.0,rainfall,Tipping Bucket Raingauge,mm
E84360,0.0,rainfall,Tipping Bucket Raingauge,mm
E82040,0.0,rainfall,Tipping Bucket Raingauge,mm
E84500,0.0,rainfall,Tipping Bucket Raingauge,mm
062916,,rainfall,Tipping Bucket Raingauge,mm
024121,0.0,rainfall,Tipping Bucket Raingauge,mm
574786,0.3,rainfall,Tipping Bucket Raingauge,mm
1772,0.0,rainfall,Tipping Bucket Raingauge,mm
3339,0.0,rainfall,Tipping Bucket Raingauge,mm
592850,0.0,rainfall,Tipping Bucket Raingauge,mm
075497,0.1,rainfall,Tipping Bucket Raingauge,mm
585160,0.6,rainfall,Tipping Bucket Raingauge,mm
14880,0.0,rainfall,Water,mm
540001RG,0.0,rainfall,Tipping Bucket Raingauge,mm
588006,0.2,rainfall,Tipping Bucket Raingauge,mm
Egerton1,0.0,rainfall,Tipping Bucket Raingauge,mm
605324,0.0,rainfall,Tipping Bucket Raingauge,mm
E60880,0.0,rainfall,Tipping Bucket Raingauge,mm
E85220,0.0,rainfall,Tipping Bucket Raingauge,mm
E82840,0.0,rainfall,Tipping Bucket Raingauge,mm
